-5.37888E-06;-0.277533271;954.2169459
-5.37128E-06;-0.277543916;954.2207331
-5.36374E-06;-0.277554458;954.2244768
-5.35624E-06;-0.277564897;954.2281771
-5.34879E-06;-0.277575235;954.231834
-5.3414E-06;-0.27758547;954.2354476
-5.33405E-06;-0.277595602;954.2390178
-5.32676E-06;-0.277605633;954.2425447
-5.31951E-06;-0.277615561;954.2460283
-5.31232E-06;-0.277625388;954.2494686
-5.30517E-06;-0.277635112;954.2528657
-5.29807E-06;-0.277644735;954.2562196
-5.29103E-06;-0.277654256;954.2595303
-5.28403E-06;-0.277663676;954.2627978
-5.27708E-06;-0.277672994;954.2660221
-5.27018E-06;-0.277682211;954.2692033
-5.26333E-06;-0.277691327;954.2723415
-5.25653E-06;-0.277700342;954.2754366
-5.24978E-06;-0.277709256;954.2784886
-5.24308E-06;-0.277718069;954.2814977
-5.23643E-06;-0.277726781;954.2844638
-5.22982E-06;-0.277735393;954.287387
-5.22327E-06;-0.277743905;954.2902673
-5.21676E-06;-0.277752316;954.2931048
-5.2103E-06;-0.277760628;954.2958994
-5.20389E-06;-0.277768839;954.2986512
-5.19753E-06;-0.27777695;954.3013603
-5.19122E-06;-0.277784962;954.3040266
-5.18496E-06;-0.277792874;954.3066502
-5.17874E-06;-0.277800687;954.3092311
-5.17258E-06;-0.2778084;954.3117694
-5.16646E-06;-0.277816014;954.3142651
-5.16039E-06;-0.277823529;954.3167181
-5.15436E-06;-0.277830945;954.3191286
-5.14839E-06;-0.277838262;954.3214965
-5.14246E-06;-0.27784548;954.323822
-5.13659E-06;-0.277852599;954.3261049
-5.13075E-06;-0.27785962;954.3283454
-5.12497E-06;-0.277866543;954.3305435
-5.11924E-06;-0.277873367;954.3326992
-5.11355E-06;-0.277880093;954.3348126
-5.10791E-06;-0.27788672;954.3368836
-5.10232E-06;-0.27789325;954.3389123
-5.09677E-06;-0.277899682;954.3408988
-5.09127E-06;-0.277906017;954.342843
-5.08582E-06;-0.277912253;954.344745
-5.08042E-06;-0.277918393;954.3466049
-5.07506E-06;-0.277924434;954.3484226
-5.06975E-06;-0.277930379;954.3501983
-5.06449E-06;-0.277936227;954.3519318
-5.05927E-06;-0.277941978;954.3536234
-5.0541E-06;-0.277947632;954.3552729
-5.04898E-06;-0.277953189;954.3568806
-5.04391E-06;-0.27795865;954.3584462
-5.03888E-06;-0.277964014;954.3599701
-5.03389E-06;-0.277969282;954.361452
-5.02896E-06;-0.277974454;954.3628922
-5.02407E-06;-0.27797953;954.3642906
-5.01923E-06;-0.27798451;954.3656472
-5.01443E-06;-0.277989395;954.3669621
-5.00968E-06;-0.277994183;954.3682354
-5.00497E-06;-0.277998877;954.369467
-5.00031E-06;-0.278003474;954.370657
-4.9957E-06;-0.278007977;954.3718055
-4.99113E-06;-0.278012384;954.3729124
-4.98661E-06;-0.278016697;954.3739779
-4.98213E-06;-0.278020915;954.3750019
-4.9777E-06;-0.278025038;954.3759845
-4.97332E-06;-0.278029066;954.3769257
-4.96898E-06;-0.278033;954.3778256
-4.96468E-06;-0.278036839;954.3786841
-4.96044E-06;-0.278040585;954.3795014
-4.95623E-06;-0.278044236;954.3802775
-4.95207E-06;-0.278047793;954.3810123
-4.94796E-06;-0.278051256;954.381706
-4.94389E-06;-0.278054626;954.3823586
-4.93987E-06;-0.278057902;954.3829701
-4.93589E-06;-0.278061084;954.3835405
-4.93196E-06;-0.278064174;954.38407
-4.92807E-06;-0.278067169;954.3845584
-4.92422E-06;-0.278070072;954.3850059
-4.92043E-06;-0.278072882;954.3854126
-4.91667E-06;-0.278075599;954.3857784
-4.91296E-06;-0.278078224;954.3861033
-4.90929E-06;-0.278080756;954.3863876
-4.90567E-06;-0.278083195;954.386631
-4.90209E-06;-0.278085542;954.3868339
-4.89856E-06;-0.278087797;954.386996
-4.89507E-06;-0.27808996;954.3871176
-4.89163E-06;-0.278092031;954.3871986
-4.88822E-06;-0.278094011;954.3872391
-4.88487E-06;-0.278095898;954.3872392
-4.88155E-06;-0.278097695;954.3871988
-4.87828E-06;-0.2780994;954.3871181
-4.87506E-06;-0.278101014;954.3869971
-4.87187E-06;-0.278102537;954.3868357
-4.86873E-06;-0.278103969;954.3866342
-4.86564E-06;-0.27810531;954.3863925
-4.86258E-06;-0.278106561;954.3861106
-4.85957E-06;-0.278107721;954.3857886
-4.85661E-06;-0.278108791;954.3854266
-4.85368E-06;-0.278109771;954.3850246
-4.8508E-06;-0.278110661;954.3845826
-4.84797E-06;-0.278111461;954.3841008
-4.84517E-06;-0.278112171;954.383579
-4.84242E-06;-0.278112791;954.3830175
-4.83971E-06;-0.278113322;954.3824161
-4.83704E-06;-0.278113764;954.3817751
-4.83442E-06;-0.278114117;954.3810943
-4.83184E-06;-0.27811438;954.380374
-4.8293E-06;-0.278114554;954.379614
-4.8268E-06;-0.27811464;954.3788145
-4.82435E-06;-0.278114637;954.3779755
-4.82194E-06;-0.278114545;954.3770971
-4.81957E-06;-0.278114366;954.3761793
-4.81724E-06;-0.278114097;954.3752221
-4.81495E-06;-0.278113741;954.3742257
-4.81271E-06;-0.278113297;954.3731899
-4.8105E-06;-0.278112764;954.372115
-4.80834E-06;-0.278112145;954.371001
-4.80622E-06;-0.278111437;954.3698479
-4.80415E-06;-0.278110643;954.3686557
-4.80211E-06;-0.27810976;954.3674245
-4.80012E-06;-0.278108791;954.3661544
-4.79816E-06;-0.278107735;954.3648454
-4.79625E-06;-0.278106592;954.3634976
-4.79438E-06;-0.278105363;954.362111
-4.79255E-06;-0.278104047;954.3606857
-4.79076E-06;-0.278102645;954.3592217
-4.78902E-06;-0.278101156;954.3577192
-4.78731E-06;-0.278099582;954.356178
-4.78565E-06;-0.278097921;954.3545984
-4.78402E-06;-0.278096175;954.3529803
-4.78244E-06;-0.278094344;954.3513239
-4.78089E-06;-0.278092427;954.3496291
-4.77939E-06;-0.278090424;954.347896
-4.77793E-06;-0.278088337;954.3461247
-4.77651E-06;-0.278086164;954.3443152
-4.77512E-06;-0.278083907;954.3424676
-4.77378E-06;-0.278081565;954.3405819
-4.77248E-06;-0.278079138;954.3386583
-4.77122E-06;-0.278076628;954.3366967
-4.77E-06;-0.278074032;954.3346972
-4.76882E-06;-0.278071353;954.3326599
-4.76768E-06;-0.27806859;954.3305848
-4.76658E-06;-0.278065743;954.328472
-4.76551E-06;-0.278062813;954.3263215
-4.76449E-06;-0.278059799;954.3241334
-4.76351E-06;-0.278056701;954.3219077
-4.76257E-06;-0.278053521;954.3196445
-4.76166E-06;-0.278050257;954.3173439
-4.7608E-06;-0.27804691;954.3150059
-4.75997E-06;-0.278043481;954.3126305
-4.75919E-06;-0.278039969;954.3102179
-4.75844E-06;-0.278036374;954.307768
-4.75773E-06;-0.278032697;954.305281
-4.75706E-06;-0.278028938;954.3027568
-4.75644E-06;-0.278025097;954.3001956
-4.75585E-06;-0.278021174;954.2975975
-4.75529E-06;-0.278017169;954.2949623
-4.75478E-06;-0.278013082;954.2922903
-4.75431E-06;-0.278008914;954.2895815
-4.75387E-06;-0.278004665;954.2868359
-4.75347E-06;-0.278000335;954.2840536
-4.75312E-06;-0.277995923;954.2812347
-4.7528E-06;-0.277991431;954.2783791
-4.75251E-06;-0.277986858;954.275487
-4.75227E-06;-0.277982204;954.2725584
-4.75207E-06;-0.27797747;954.2695933
-4.7519E-06;-0.277972655;954.2665919
-4.75177E-06;-0.27796776;954.2635541
-4.75168E-06;-0.277962785;954.26048
-4.75163E-06;-0.27795773;954.2573697
-4.75161E-06;-0.277952595;954.2542232
-4.75164E-06;-0.27794738;954.2510405
-4.7517E-06;-0.277942085;954.2478218
-4.7518E-06;-0.277936711;954.2445669
-4.75193E-06;-0.277931257;954.241276
-4.75211E-06;-0.277925723;954.2379492
-4.75232E-06;-0.277920111;954.2345864
-4.75257E-06;-0.277914419;954.2311876
-4.75286E-06;-0.277908647;954.227753
-4.75319E-06;-0.277902797;954.2242826
-4.75355E-06;-0.277896867;954.2207764
-4.75395E-06;-0.277890859;954.2172344
-4.75439E-06;-0.277884771;954.2136567
-4.75487E-06;-0.277878605;954.2100433
-4.75538E-06;-0.27787236;954.2063942
-4.75593E-06;-0.277866036;954.2027095
-4.75652E-06;-0.277859633;954.1989892
-4.75715E-06;-0.277853151;954.1952332
-4.75782E-06;-0.277846591;954.1914417
-4.75852E-06;-0.277839952;954.1876147
-4.75926E-06;-0.277833235;954.1837521
-4.76003E-06;-0.277826439;954.179854
-4.76085E-06;-0.277819564;954.1759203
-4.7617E-06;-0.27781261;954.1719512
-4.76259E-06;-0.277805578;954.1679465
-4.76352E-06;-0.277798467;954.1639064
-4.76449E-06;-0.277791277;954.1598308
-4.76549E-06;-0.277784009;954.1557197
-4.76653E-06;-0.277776661;954.1515731
-4.76761E-06;-0.277769235;954.1473909
-4.76873E-06;-0.27776173;954.1431733
-4.76988E-06;-0.277754145;954.1389201
-4.77107E-06;-0.277746481;954.1346314
-4.7723E-06;-0.277738739;954.1303071
-4.77357E-06;-0.277730916;954.1259472
-4.77488E-06;-0.277723015;954.1215517
-4.77622E-06;-0.277715033;954.1171206
-4.77761E-06;-0.277706972;954.1126538
-4.77903E-06;-0.277698831;954.1081513
-4.78049E-06;-0.27769061;954.1036131
-4.78199E-06;-0.277682309;954.099039
-4.78353E-06;-0.277673928;954.0944292
-4.7851E-06;-0.277665465;954.0897834
-4.78672E-06;-0.277656923;954.0851018
-4.78837E-06;-0.277648299;954.0803841
-4.79007E-06;-0.277639594;954.0756304
-4.7918E-06;-0.277630808;954.0708406
-4.79357E-06;-0.27762194;954.0660146
-4.79538E-06;-0.277612991;954.0611524
-4.79724E-06;-0.277603959;954.0562538
-4.79913E-06;-0.277594845;954.0513189
-4.80106E-06;-0.277585648;954.0463474
-4.80303E-06;-0.277576368;954.0413393
-4.80504E-06;-0.277567005;954.0362946
-4.8071E-06;-0.277557558;954.031213
-4.80919E-06;-0.277548028;954.0260946
-4.81132E-06;-0.277538413;954.0209392
-4.8135E-06;-0.277528713;954.0157466
-4.81571E-06;-0.277518928;954.0105168
-4.81797E-06;-0.277509058;954.0052497
-4.82027E-06;-0.277499102;953.9999451
-4.82261E-06;-0.27748906;953.9946028
-4.825E-06;-0.277478931;953.9892228
-4.82742E-06;-0.277468715;953.9838049
-4.82989E-06;-0.277458411;953.9783489
-4.8324E-06;-0.27744802;953.9728547
-4.83496E-06;-0.27743754;953.9673221
-4.83756E-06;-0.27742697;953.961751
-4.8402E-06;-0.277416311;953.9561411
-4.84289E-06;-0.277405562;953.9504923
-4.84562E-06;-0.277394723;953.9448043
-4.84839E-06;-0.277383792;953.939077
-4.85121E-06;-0.277372769;953.9333102
-4.85408E-06;-0.277361653;953.9275036
-4.85699E-06;-0.277350444;953.9216571
-4.85994E-06;-0.277339142;953.9157704
-4.86295E-06;-0.277327745;953.9098432
-4.866E-06;-0.277316252;953.9038753
-4.86909E-06;-0.277304664;953.8978666
-4.87223E-06;-0.27729298;953.8918166
-4.87543E-06;-0.277281198;953.8857252
-4.87866E-06;-0.277269318;953.8795922
-4.88195E-06;-0.277257339;953.8734171
-4.88529E-06;-0.277245262;953.8671998
-4.88867E-06;-0.277233084;953.8609401
-4.89211E-06;-0.277220805;953.8546375
-4.89559E-06;-0.277208424;953.8482919
-4.89913E-06;-0.277195942;953.8419029
-4.90271E-06;-0.277183357;953.8354703
-4.90635E-06;-0.277170668;953.8289938
-4.91003E-06;-0.277157875;953.8224732
-4.91377E-06;-0.277144977;953.8159081
-4.91756E-06;-0.277131974;953.8092984
-4.9214E-06;-0.277118866;953.8026437
-4.92529E-06;-0.277105652;953.7959439
-4.92923E-06;-0.277092331;953.7891987
-4.93323E-06;-0.277078904;953.782408
-4.93728E-06;-0.27706537;953.7755714
-4.94138E-06;-0.277051729;953.7686887
-4.94553E-06;-0.27703798;953.7617599
-4.94973E-06;-0.277024124;953.7547845
-4.95398E-06;-0.27701016;953.7477625
-4.95829E-06;-0.276996089;953.7406937
-4.96265E-06;-0.276981909;953.7335776
-4.96706E-06;-0.276967622;953.7264142
-4.97152E-06;-0.276953226;953.7192031
-4.97603E-06;-0.276938721;953.7119439
-4.9806E-06;-0.276924087;953.7046304
-4.98523E-06;-0.276909347;953.6972695
-4.9899E-06;-0.276894503;953.6898609
-4.99462E-06;-0.276879555;953.6824046
-4.99938E-06;-0.276864503;953.6749005
-5.0042E-06;-0.276849348;953.6673485
-5.00906E-06;-0.276834091;953.6597484
-5.01396E-06;-0.276818733;953.6521002
-5.01891E-06;-0.276803273;953.6444037
-5.02391E-06;-0.276787713;953.6366586
-5.02874E-06;-0.276772416;953.6289625
-5.03381E-06;-0.276756673;953.6211247
-5.03887E-06;-0.276740917;953.6132585
-5.04385E-06;-0.276725305;953.6054129
-5.04904E-06;-0.276709285;953.5974324
-5.05421E-06;-0.276693262;953.5894254
-5.05928E-06;-0.276677421;953.5814483
-5.06431E-06;-0.276661607;953.5734523
-5.06936E-06;-0.276645729;953.5654145
-5.07443E-06;-0.276629787;953.5573349
-5.07975E-06;-0.276613384;953.5491036
-5.08494E-06;-0.27659721;953.5409142
-5.09015E-06;-0.276580974;953.5326823
-5.09555E-06;-0.276564359;953.5243171
-5.1008E-06;-0.276547998;953.5160001
-5.10599E-06;-0.276531686;953.5076675
-5.11121E-06;-0.276515319;953.4992936
-5.11677E-06;-0.276498339;953.4907285
-5.12208E-06;-0.276481765;953.4822498
-5.1274E-06;-0.276465157;953.4737359
-5.13266E-06;-0.27644863;953.4652148
-5.13799E-06;-0.276431965;953.4566342
-5.14325E-06;-0.276415323;953.4479384
-5.14872E-06;-0.276398291;953.439107
-5.15391E-06;-0.276381713;953.4303774
-5.15918E-06;-0.27636501;953.421594
-5.16445E-06;-0.276348294;953.4127855
-5.16964E-06;-0.276331684;953.403982
-5.17483E-06;-0.276315072;953.3951584
-5.18001E-06;-0.276298462;953.3863172
-5.18547E-06;-0.276281339;953.3773196
-5.1907E-06;-0.276264637;953.3684243
-5.19584E-06;-0.276248064;953.3595463
-5.20105E-06;-0.276231398;953.3506333
-5.20643E-06;-0.276214383;953.3416077
-5.21183E-06;-0.276197051;953.3321982
-5.21727E-06;-0.276179664;953.3227751
-5.22261E-06;-0.27616245;953.3133939
-5.22792E-06;-0.276145297;953.3040281
-5.2332E-06;-0.276128207;953.2946787
-5.23851E-06;-0.276111073;953.2853203
-5.24372E-06;-0.276094119;953.276007
-5.24897E-06;-0.276077127;953.2666868
-5.25418E-06;-0.276060209;953.2573872
-5.25952E-06;-0.276043035;953.2480142
-5.26458E-06;-0.276026383;953.2387855
-5.26961E-06;-0.276009807;953.2295791
-5.27459E-06;-0.275993308;953.2203956
-5.2796E-06;-0.275976791;953.2112121
-5.28451E-06;-0.275960454;953.2020766
-5.28938E-06;-0.275944196;953.1929656
-5.29442E-06;-0.275927643;953.183776
-5.29926E-06;-0.275911467;953.1746959
-5.30401E-06;-0.275895463;953.1656635
-5.30872E-06;-0.275879542;953.1566572
-5.31338E-06;-0.275863703;953.1476774
-5.31801E-06;-0.275847948;953.1387246
-5.3226E-06;-0.275832279;953.1297993
-5.32715E-06;-0.275816694;953.120902
-5.33166E-06;-0.275801196;953.1120331
-5.33618E-06;-0.275785707;953.103174
-5.34065E-06;-0.275770308;953.0943445
-5.34504E-06;-0.275755073;953.085563
-5.34943E-06;-0.275739854;953.0767936
-5.35373E-06;-0.275724798;953.0680721
-5.35799E-06;-0.275709831;953.0593809
-5.36221E-06;-0.275694954;953.0507204
-5.36639E-06;-0.275680168;953.0420909
-5.37057E-06;-0.275665406;953.0334767
-5.37466E-06;-0.275650803;953.02491
-5.37876E-06;-0.27563623;953.0163602
-5.38277E-06;-0.275621811;953.0078571
-5.38673E-06;-0.275607484;952.999386
-5.39066E-06;-0.275593249;952.9909471
-5.39458E-06;-0.275579053;952.9825278
-5.39842E-06;-0.275565004;952.974154
-5.40225E-06;-0.275551002;952.9658017
-5.40601E-06;-0.275537128;952.9574908
-5.40982E-06;-0.275523182;952.9491663
-5.41348E-06;-0.275509515;952.9409265
-5.41711E-06;-0.275495943;952.9327199
-5.42071E-06;-0.275482426;952.9245374
-5.42425E-06;-0.275469042;952.9163975
-5.42774E-06;-0.275455751;952.9082907
-5.43119E-06;-0.275442553;952.9002172
-5.43462E-06;-0.275429418;952.8921695
-5.43798E-06;-0.275416406;952.8841622
-5.44131E-06;-0.275403486;952.8761877
-5.44459E-06;-0.275390656;952.8682459
-5.44789E-06;-0.275377806;952.8603061
-5.4511E-06;-0.275365138;952.8524247
-5.45426E-06;-0.275352585;952.8445818
-5.45737E-06;-0.275340119;952.8367708
-5.46044E-06;-0.275327742;952.8289916
-5.46352E-06;-0.275315373;952.8212222
-5.46651E-06;-0.275303175;952.8135076
-5.46946E-06;-0.275291062;952.8058241
-5.47238E-06;-0.275279034;952.7981713
-5.47527E-06;-0.275267063;952.790543
-5.4781E-06;-0.275255201;952.782951
-5.4809E-06;-0.27524342;952.7753892
-5.48366E-06;-0.27523172;952.7678573
-5.48639E-06;-0.275220101;952.760355
-5.48908E-06;-0.275208561;952.7528819
-5.49173E-06;-0.275197098;952.745438
-5.49436E-06;-0.275185688;952.7380166
-5.49695E-06;-0.275174378;952.7306297
-5.49949E-06;-0.275163143;952.7232708
-5.502E-06;-0.275151987;952.7159411
-5.50449E-06;-0.275140893;952.7086359
-5.50696E-06;-0.275129849;952.7013529
-5.50937E-06;-0.275118901;952.6941028
-5.51176E-06;-0.275108023;952.6868793
-5.51412E-06;-0.275097195;952.6796769
-5.51645E-06;-0.275086455;952.6725062
-5.51876E-06;-0.275075757;952.6653553
-5.52102E-06;-0.27506515;952.658236
-5.52325E-06;-0.275054607;952.6511419
-5.52546E-06;-0.275044127;952.6440727
-5.52763E-06;-0.27503371;952.6370281
-5.52978E-06;-0.275023353;952.6300077
-5.53191E-06;-0.275013055;952.6230114
-5.534E-06;-0.275002816;952.6160388
-5.53608E-06;-0.274992634;952.6090896
-5.53812E-06;-0.274982508;952.6021638
-5.54015E-06;-0.274972436;952.5952611
-5.54215E-06;-0.274962419;952.5883813
-5.54412E-06;-0.274952453;952.5815241
-5.54601E-06;-0.27494262;952.5747061
-5.54795E-06;-0.27493276;952.5678947
-5.54985E-06;-0.27492295;952.5611058
-5.55174E-06;-0.27491319;952.5543395
-5.5536E-06;-0.274903492;952.5475991
-5.55544E-06;-0.274893833;952.540879
-5.55726E-06;-0.274884221;952.5341815
-5.55907E-06;-0.274874656;952.5275066
-5.56085E-06;-0.274865136;952.5208544
-5.5626E-06;-0.274855699;952.5142339
-5.56434E-06;-0.274846274;952.5076287
-5.56604E-06;-0.274836939;952.5010576
-5.56774E-06;-0.274827608;952.4945005
-5.56943E-06;-0.27481832;952.487967
-5.5711E-06;-0.274809076;952.4814574
-5.57275E-06;-0.274799874;952.4749723
-5.57435E-06;-0.274790786;952.468531
-5.57597E-06;-0.274781675;952.4620971
-5.57757E-06;-0.274772608;952.455689
-5.57915E-06;-0.274763585;952.4493073
-5.58071E-06;-0.274754607;952.4429527
-5.58226E-06;-0.274745673;952.4366258
-5.58379E-06;-0.274736785;952.4303272
-5.58531E-06;-0.274727943;952.4240575
-5.5868E-06;-0.274719147;952.4178176
-5.58828E-06;-0.274710398;952.4116081
-5.58964E-06;-0.274701857;952.4054682
-5.59097E-06;-0.274693377;952.3993634
-5.59238E-06;-0.274684791;952.3932542
-5.59378E-06;-0.274676257;952.3871789
-5.59516E-06;-0.274667776;952.3811387
-5.59651E-06;-0.274659349;952.3751343
-5.59785E-06;-0.274650978;952.3691669
-5.59917E-06;-0.274642664;952.3632372
-5.60046E-06;-0.274634408;952.3573464
-5.60159E-06;-0.274626425;952.3515468
-5.60284E-06;-0.274618295;952.3457377
-5.60406E-06;-0.274610228;952.3399702
-5.60527E-06;-0.274602224;952.3342453
-5.60645E-06;-0.274594285;952.3285638
-5.60745E-06;-0.274586645;952.3229824
-5.60857E-06;-0.274578844;952.3173912
-5.60968E-06;-0.274571113;952.311846
-5.61075E-06;-0.274563452;952.3063475
-5.6118E-06;-0.274555862;952.3008965
-5.61283E-06;-0.274548346;952.2954936
-5.61382E-06;-0.274540903;952.2901394
-5.61479E-06;-0.274533536;952.2848347
-5.61573E-06;-0.274526244;952.2795799
-5.61664E-06;-0.274519031;952.2743757
-5.61727E-06;-0.274512312;952.2693285
-5.61813E-06;-0.274505257;952.264227
-5.61895E-06;-0.274498282;952.2591773
-5.61959E-06;-0.27449162;952.2542355
-5.62032E-06;-0.274484863;952.2493034
-5.62109E-06;-0.274478075;952.2443969
-5.62179E-06;-0.274471427;952.2395569
-5.62246E-06;-0.274464865;952.2347702
-5.6231E-06;-0.274458388;952.2300369
-5.62372E-06;-0.27445198;952.2253536
-5.62429E-06;-0.274445676;952.2207272
-5.6247E-06;-0.274439659;952.2162025
-5.62521E-06;-0.274433524;952.2116819
-5.62568E-06;-0.274427477;952.2072146
-5.62613E-06;-0.274421517;952.2028003
-5.62641E-06;-0.274415825;952.1984823
-5.62669E-06;-0.274410208;952.1942195
-5.62704E-06;-0.274404498;952.1899599
-5.62735E-06;-0.274398875;952.1857521
-5.62763E-06;-0.274393338;952.1815956
-5.62787E-06;-0.274387886;952.1774902
-5.62799E-06;-0.27438267;952.1734713
-5.62817E-06;-0.274377384;952.1694656
-5.62832E-06;-0.274372183;952.1655098
-5.62843E-06;-0.274367067;952.1616033
-5.62851E-06;-0.274362034;952.1577456
-5.62856E-06;-0.274357084;952.1539361
-5.62857E-06;-0.274352216;952.1501742
-5.62855E-06;-0.274347429;952.1464594
-5.62843E-06;-0.274342823;952.1428151
-5.62835E-06;-0.274338189;952.1391911
-5.62819E-06;-0.274333722;952.1356336
-5.62805E-06;-0.274329238;952.132098
-5.62788E-06;-0.274324831;952.1286068
-5.62764E-06;-0.274320556;952.1251746
-5.62741E-06;-0.274316293;952.1217681
-5.62715E-06;-0.274312106;952.1184046
-5.62686E-06;-0.274307993;952.1150833
-5.62651E-06;-0.274303997;952.1118141
-5.62616E-06;-0.274300023;952.1085743
-5.62579E-06;-0.274296122;952.1053754
-5.62538E-06;-0.274292293;952.1022169
-5.62494E-06;-0.274288535;952.0990986
-5.62447E-06;-0.274284847;952.0960201
-5.62397E-06;-0.27428123;952.092981
-5.62344E-06;-0.274277684;952.0899811
-5.62288E-06;-0.274274207;952.0870202
-5.62228E-06;-0.2742708;952.0840981
-5.62166E-06;-0.274267464;952.0812145
-5.62101E-06;-0.274264197;952.0783693
-5.62033E-06;-0.274261001;952.0755622
-5.61961E-06;-0.274257873;952.072793
-5.61887E-06;-0.274254815;952.0700613
-5.61809E-06;-0.274251825;952.0673669
-5.61729E-06;-0.274248902;952.0647096
-5.61645E-06;-0.274246047;952.0620891
-5.61559E-06;-0.27424326;952.0595051
-5.61469E-06;-0.274240538;952.0569574
-5.61377E-06;-0.274237883;952.0544458
-5.61281E-06;-0.274235293;952.05197
-5.61183E-06;-0.274232768;952.0495299
-5.61093E-06;-0.274230103;952.0470693
-5.6099E-06;-0.274227697;952.044697
-5.60883E-06;-0.274225353;952.0423596
-5.60774E-06;-0.27422307;952.0400566
-5.60662E-06;-0.274220849;952.0377878
-5.60557E-06;-0.274218542;952.0355179
-5.60446E-06;-0.274216358;952.0332994
-5.60326E-06;-0.274214307;952.0311297
-5.60204E-06;-0.274212313;952.0289928
-5.60079E-06;-0.274210375;952.0268884
-5.59952E-06;-0.274208491;952.0248159
-5.59823E-06;-0.274206659;952.022775
-5.59691E-06;-0.274204879;952.0207652
-5.59574E-06;-0.274202842;952.0187021
-5.59438E-06;-0.274201156;952.016752
-5.59299E-06;-0.274199518;952.0148321
-5.59159E-06;-0.274197928;952.012942
-5.59016E-06;-0.274196384;952.0110815
-5.58888E-06;-0.274194434;952.008971
-5.58741E-06;-0.274192992;952.0071758
-5.58591E-06;-0.274191593;952.0054092
-5.58459E-06;-0.274189895;952.0035773
-5.58306E-06;-0.274188577;952.0018659
-5.58152E-06;-0.274187298;952.0001818
-5.57995E-06;-0.274186058;951.9985246
-5.57837E-06;-0.274184855;951.9968939
-5.57677E-06;-0.274183688;951.9952893
-5.57515E-06;-0.274182556;951.9937105
-5.57352E-06;-0.274181459;951.9921571
-5.57188E-06;-0.274180395;951.9906288
-5.57021E-06;-0.274179364;951.9891253
-5.56854E-06;-0.274178365;951.9876462
-5.56685E-06;-0.274177397;951.9861913
-5.56514E-06;-0.274176459;951.9847601
-5.56342E-06;-0.274175551;951.9833522
-5.56169E-06;-0.274174671;951.9819675
-5.56012E-06;-0.274173496;951.9805169
-5.55836E-06;-0.274172676;951.9791784
-5.55658E-06;-0.274171882;951.9778618
-5.5548E-06;-0.274171114;951.9765667
-5.553E-06;-0.27417037;951.9752928
-5.55137E-06;-0.274169373;951.9739732
-5.54955E-06;-0.274168677;951.9727406
-5.54771E-06;-0.274168003;951.971528
-5.54587E-06;-0.27416735;951.9703349
-5.54404E-06;-0.274166633;951.9691087
-5.5422E-06;-0.274165968;951.9679219
-5.54033E-06;-0.274165353;951.9667737
-5.53845E-06;-0.274164788;951.9656636
-5.53654E-06;-0.27416427;951.9645908
-5.53462E-06;-0.274163797;951.9635548
-5.53285E-06;-0.274163108;951.9624928
-5.5309E-06;-0.274162722;951.961529
-5.52895E-06;-0.274162304;951.9605546
-5.52697E-06;-0.27416198;951.959649
-5.52501E-06;-0.274161587;951.9587106
-5.52305E-06;-0.274161197;951.957785
-5.52109E-06;-0.27416081;951.9568719
-5.51913E-06;-0.274160425;951.9559709
-5.51733E-06;-0.274159793;951.9550223
-5.51537E-06;-0.274159411;951.9541446
-5.51341E-06;-0.274159028;951.9532779
-5.51145E-06;-0.274158645;951.9524217
-5.50949E-06;-0.27415826;951.9515758
-5.50753E-06;-0.274157872;951.9507396
-5.50557E-06;-0.274157481;951.9499127
-5.50362E-06;-0.274157086;951.9490947
-5.50167E-06;-0.274156686;951.9482851
-5.49972E-06;-0.27415628;951.9474835
-5.49777E-06;-0.274155867;951.9466894
-5.49583E-06;-0.274155447;951.9459022
-5.4939E-06;-0.274155018;951.9451215
-5.49196E-06;-0.27415458;951.9443468
-5.49004E-06;-0.274154132;951.9435773
-5.48812E-06;-0.274153672;951.9428127
-5.4862E-06;-0.2741532;951.9420523
-5.48429E-06;-0.274152715;951.9412956
-5.48239E-06;-0.274152216;951.940542
-5.4805E-06;-0.274151701;951.9397909
-5.47861E-06;-0.27415117;951.9390416
-5.47673E-06;-0.274150622;951.9382936
-5.47486E-06;-0.274150054;951.9375463
-5.473E-06;-0.274149467;951.936799
-5.47115E-06;-0.274148858;951.9360513
-5.46931E-06;-0.274148229;951.9353028
-5.46748E-06;-0.274147577;951.934553
-5.46566E-06;-0.274146902;951.9338016
-5.46385E-06;-0.274146192;951.9330451
-5.46205E-06;-0.274145475;951.9322905
-5.46026E-06;-0.274144733;951.9315337
-5.45848E-06;-0.274143969;951.9307742
-5.45671E-06;-0.27414318;951.9300121
-5.45496E-06;-0.274142367;951.929247
-5.45321E-06;-0.274141531;951.9284786
-5.45148E-06;-0.274140669;951.9277067
-5.44985E-06;-0.274139631;951.9268947
-5.44814E-06;-0.274138725;951.9261165
-5.44644E-06;-0.274137793;951.9253338
-5.44475E-06;-0.274136835;951.9245462
-5.44307E-06;-0.274135848;951.9237534
-5.4414E-06;-0.274134834;951.922955
-5.43983E-06;-0.274133672;951.9221224
-5.43819E-06;-0.274132605;951.9213131
-5.43658E-06;-0.274131506;951.9205516
-5.43497E-06;-0.274130378;951.9197289
-5.43337E-06;-0.274129218;951.9188984
-5.43177E-06;-0.274128054;951.9180675
-5.4302E-06;-0.274126829;951.9172204
-5.42864E-06;-0.274125569;951.916364
-5.42711E-06;-0.274124272;951.9154975
-5.42559E-06;-0.274122938;951.9146203
-5.42408E-06;-0.274121563;951.9137317
-5.4226E-06;-0.274120148;951.912831
-5.42114E-06;-0.274118689;951.9119174
-5.4197E-06;-0.274117185;951.9109904
-5.41827E-06;-0.274115635;951.9100491
-5.41688E-06;-0.274114037;951.9090931
-5.4155E-06;-0.27411239;951.9081217
-5.41414E-06;-0.274110692;951.9071344
-5.41281E-06;-0.274108943;951.9061307
-5.41151E-06;-0.274107141;951.90511
-5.41023E-06;-0.274105284;951.9040719
-5.40897E-06;-0.274103372;951.9030159
-5.40775E-06;-0.274101403;951.9019416
-5.40654E-06;-0.274099377;951.9008486
-5.40537E-06;-0.274097291;951.8997364
-5.40422E-06;-0.274095146;951.8986046
-5.4031E-06;-0.274092939;951.8974528
-5.40201E-06;-0.274090669;951.8962806
-5.40096E-06;-0.274088336;951.8950876
-5.39993E-06;-0.274085939;951.8938737
-5.39893E-06;-0.274083476;951.8926384
-5.39796E-06;-0.274080948;951.8913816
-5.39703E-06;-0.274078353;951.8901031
-5.39612E-06;-0.274075691;951.8888026
-5.39525E-06;-0.274072961;951.88748
-5.39441E-06;-0.274070163;951.8861352
-5.3936E-06;-0.274067297;951.8847681
-5.39283E-06;-0.274064363;951.8833787
-5.39209E-06;-0.274061361;951.881967
-5.39138E-06;-0.274058292;951.880533
-5.3907E-06;-0.274055155;951.8790767
-5.39006E-06;-0.27405195;951.8775982
-5.38945E-06;-0.274048678;951.8760973
-5.38887E-06;-0.274045339;951.8745742
-5.38832E-06;-0.274041932;951.8730287
-5.38781E-06;-0.274038458;951.871461
-5.38733E-06;-0.274034917;951.8698709
-5.38688E-06;-0.274031308;951.8682586
-5.38634E-06;-0.274027809;951.8666664
-5.38595E-06;-0.274024071;951.8650106
-5.3856E-06;-0.274020265;951.8633327
-5.38528E-06;-0.274016393;951.8616329
-5.38499E-06;-0.274012455;951.8599113
-5.38473E-06;-0.274008452;951.8581683
-5.3845E-06;-0.274004383;951.8564043
-5.38431E-06;-0.274000251;951.8546195
-5.38415E-06;-0.273996056;951.8528144
-5.38402E-06;-0.273991799;951.8509893
-5.38392E-06;-0.27398748;951.8491447
-5.38384E-06;-0.273983102;951.8472811
-5.3838E-06;-0.273978664;951.845399
-5.38379E-06;-0.273974169;951.8434988
-5.38381E-06;-0.273969616;951.841581
-5.38386E-06;-0.273965008;951.839646
-5.38394E-06;-0.273960344;951.8376944
-5.38404E-06;-0.273955625;951.8357265
-5.38418E-06;-0.273950854;951.8337428
-5.38418E-06;-0.273946265;951.8318002
-5.38437E-06;-0.273941392;951.8297869
-5.38459E-06;-0.273936468;951.8277592
-5.38483E-06;-0.273931495;951.8257174
-5.3851E-06;-0.273926472;951.8236619
-5.38539E-06;-0.2739214;951.821593
-5.38572E-06;-0.27391628;951.8195108
-5.38607E-06;-0.273911111;951.8174155
-5.38644E-06;-0.273905893;951.8153073
-5.38673E-06;-0.27390083;951.8132418
-5.38716E-06;-0.273895517;951.8111084
-5.3876E-06;-0.273890183;951.8089683
-5.38809E-06;-0.273884775;951.8068105
-5.3886E-06;-0.273879322;951.8046409
-5.38914E-06;-0.273873822;951.8024598
-5.3897E-06;-0.273868278;951.8002676
-5.39029E-06;-0.273862691;951.7980646
-5.39091E-06;-0.27385706;951.795851
-5.39155E-06;-0.273851387;951.7936272
-5.39222E-06;-0.273845673;951.7913933
-5.39291E-06;-0.273839918;951.7891498
-5.39362E-06;-0.273834122;951.7868968
-5.39437E-06;-0.273828287;951.7846346
-5.39513E-06;-0.273822412;951.7823634
-5.39592E-06;-0.2738165;951.7800834
-5.39664E-06;-0.273810719;951.7778412
-5.39747E-06;-0.273804727;951.775543
-5.39834E-06;-0.273798698;951.7732366
-5.39922E-06;-0.273792634;951.7709223
-5.40013E-06;-0.273786534;951.7686002
-5.40106E-06;-0.273780401;951.7662707
-5.40201E-06;-0.273774233;951.7639338
-5.40298E-06;-0.273768033;951.7615898
-5.40398E-06;-0.273761801;951.7592389
-5.40499E-06;-0.273755537;951.7568813
-5.40603E-06;-0.273749242;951.754517
-5.40708E-06;-0.273742918;951.7521462
-5.40816E-06;-0.273736564;951.749769
-5.40925E-06;-0.273730181;951.7473856
-5.41037E-06;-0.27372377;951.7449958
-5.4115E-06;-0.273717331;951.7425997
-5.41265E-06;-0.273710864;951.7401971
-5.41383E-06;-0.273704369;951.737788
-5.41502E-06;-0.273697846;951.735372
-5.41622E-06;-0.273691295;951.732949
-5.41745E-06;-0.273684716;951.7305186
-5.4187E-06;-0.273678107;951.7280805
-5.41997E-06;-0.27367147;951.7256346
-5.42125E-06;-0.273664802;951.7231805
-5.42256E-06;-0.273658105;951.7207177
-5.42389E-06;-0.273651377;951.7182461
-5.42523E-06;-0.273644619;951.7157653
-5.4266E-06;-0.273637828;951.7132748
-5.42798E-06;-0.273631005;951.7107745
-5.42939E-06;-0.27362415;951.708264
-5.43082E-06;-0.273617262;951.7057429
-5.43232E-06;-0.27361019;951.7031177
-5.43379E-06;-0.273603244;951.7005801
-5.43527E-06;-0.273596264;951.6980311
-5.43678E-06;-0.273589249;951.6954706
-5.43831E-06;-0.2735822;951.6928982
-5.43986E-06;-0.273575115;951.6903135
-5.44143E-06;-0.273567994;951.6877164
-5.44302E-06;-0.273560837;951.6851064
-5.44458E-06;-0.273553734;951.6825052
-5.44622E-06;-0.273546494;951.6798664
-5.44789E-06;-0.273539215;951.677214
-5.44958E-06;-0.273531899;951.6745476
-5.45129E-06;-0.273524545;951.6718672
-5.45302E-06;-0.273517153;951.6691725
-5.4548E-06;-0.273509679;951.6664513
-5.45658E-06;-0.273502209;951.6637271
-5.45838E-06;-0.273494704;951.6609885
-5.4602E-06;-0.273487161;951.6582353
-5.46204E-06;-0.273479583;951.6554674
-5.4639E-06;-0.273471969;951.6526846
-5.46578E-06;-0.273464319;951.6498868
-5.46769E-06;-0.273456634;951.6470739
-5.46961E-06;-0.273448914;951.6442458
-5.47155E-06;-0.273441158;951.6414022
-5.47351E-06;-0.273433367;951.6385429
-5.4755E-06;-0.273425541;951.6356677
-5.4775E-06;-0.27341768;951.6327766
-5.47952E-06;-0.273409785;951.6298694
-5.48156E-06;-0.273401856;951.626946
-5.48362E-06;-0.273393894;951.6240064
-5.48569E-06;-0.273385899;951.6210505
-5.48778E-06;-0.273377872;951.6180783
-5.48989E-06;-0.273369814;951.6150898
-5.49202E-06;-0.273361726;951.612085
-5.49416E-06;-0.273353608;951.6090637
-5.49632E-06;-0.27334546;951.6060259
-5.49849E-06;-0.273337285;951.6029717
-5.50068E-06;-0.273329081;951.5999007
-5.50288E-06;-0.273320849;951.596813
-5.50509E-06;-0.273312591;951.5937085
-5.50732E-06;-0.273304305;951.590587
-5.50956E-06;-0.273295994;951.5874485
-5.51181E-06;-0.273287657;951.584293
-5.51408E-06;-0.273279296;951.5811204
-5.51635E-06;-0.27327091;951.5779305
-5.51864E-06;-0.2732625;951.5747233
-5.52094E-06;-0.273254068;951.5714987
-5.52324E-06;-0.273245613;951.5682567
-5.52556E-06;-0.273237135;951.5649971
-5.52789E-06;-0.273228636;951.5617199
-5.53022E-06;-0.273220117;951.5584251
-5.53257E-06;-0.273211577;951.5551126
-5.53492E-06;-0.273203018;951.5517824
-5.53728E-06;-0.27319444;951.5484345
-5.53973E-06;-0.273185622;951.5449313
-5.5421E-06;-0.273177004;951.5415444
-5.54448E-06;-0.27316837;951.5381403
-5.54687E-06;-0.273159723;951.5347192
-5.54926E-06;-0.273151063;951.5312812
-5.55165E-06;-0.273142392;951.5278267
-5.55405E-06;-0.273133711;951.5243557
-5.55644E-06;-0.27312502;951.5208684
-5.55884E-06;-0.273116322;951.5173651
-5.56124E-06;-0.273107617;951.5138461
-5.56364E-06;-0.273098907;951.5103114
-5.56604E-06;-0.273090192;951.5067613
-5.56844E-06;-0.273081474;951.503196
-5.57084E-06;-0.273072753;951.4996156
-5.57323E-06;-0.273064029;951.4960203
-5.57562E-06;-0.273055305;951.4924102
-5.57802E-06;-0.273046579;951.4887856
-5.5804E-06;-0.273037854;951.4851465
-5.58279E-06;-0.27302913;951.4814933
-5.58517E-06;-0.273020407;951.4778259
-5.58755E-06;-0.273011686;951.4741446
-5.58992E-06;-0.273002967;951.4704494
-5.59229E-06;-0.27299425;951.4667405
-5.59466E-06;-0.272985535;951.4630177
-5.59703E-06;-0.272976823;951.4592812
-5.59939E-06;-0.272968112;951.4555312
-5.60175E-06;-0.272959405;951.4517676
-5.6041E-06;-0.2729507;951.4479907
-5.60645E-06;-0.272942;951.4442007
-5.6088E-06;-0.272933303;951.4403977
-5.61114E-06;-0.272924611;951.4365819
-5.61348E-06;-0.272915924;951.4327535
-5.61581E-06;-0.272907241;951.4289127
-5.61814E-06;-0.272898565;951.4250597
-5.62047E-06;-0.272889895;951.4211946
-5.62279E-06;-0.272881231;951.4173178
-5.62511E-06;-0.272872576;951.4134294
-5.62742E-06;-0.272863928;951.4095297
-5.62973E-06;-0.272855288;951.405619
-5.63203E-06;-0.272846658;951.4016974
-5.63432E-06;-0.272838037;951.3977651
-5.63662E-06;-0.272829426;951.3938223
-5.6389E-06;-0.272820825;951.3898693
-5.64118E-06;-0.272812235;951.385906
-5.64346E-06;-0.272803656;951.3819328
-5.64573E-06;-0.272795087;951.3779497
-5.64799E-06;-0.272786529;951.3739567
-5.65025E-06;-0.272777983;951.369954
-5.65251E-06;-0.272769447;951.3659416
-5.65476E-06;-0.272760923;951.3619197
-5.657E-06;-0.272752411;951.3578884
-5.65924E-06;-0.27274391;951.3538478
-5.66148E-06;-0.272735422;951.349798
-5.66371E-06;-0.272726946;951.3457393
-5.66593E-06;-0.272718484;951.3416719
-5.66815E-06;-0.272710034;951.3375957
-5.67036E-06;-0.272701599;951.3335111
-5.67257E-06;-0.272693177;951.329418
-5.67477E-06;-0.272684769;951.3253167
-5.67696E-06;-0.272676376;951.3212071
-5.67915E-06;-0.272667997;951.3170892
-5.68134E-06;-0.272659631;951.3129632
-5.68352E-06;-0.27265128;951.3088291
-5.68569E-06;-0.272642944;951.304687
-5.68786E-06;-0.272634623;951.3005372
-5.69002E-06;-0.272626318;951.2963798
-5.69217E-06;-0.272618029;951.2922149
-5.69432E-06;-0.272609757;951.2880429
-5.69646E-06;-0.272601503;951.2838638
-5.6986E-06;-0.272593267;951.2796778
-5.70072E-06;-0.27258505;951.2754852
-5.70284E-06;-0.272576851;951.271286
-5.70496E-06;-0.272568672;951.2670805
-5.70706E-06;-0.272560512;951.2628687
-5.70916E-06;-0.272552373;951.258651
-5.71125E-06;-0.272544253;951.2544273
-5.71333E-06;-0.272536155;951.2501978
-5.7154E-06;-0.272528077;951.2459626
-5.71747E-06;-0.27252002;951.2417219
-5.71953E-06;-0.272511984;951.2374758
-5.72157E-06;-0.272503969;951.2332244
-5.72362E-06;-0.272495976;951.2289678
-5.72565E-06;-0.272488005;951.2247062
-5.72767E-06;-0.272480057;951.2204396
-5.72951E-06;-0.272472616;951.21647
-5.73152E-06;-0.272464712;951.2121936
-5.73352E-06;-0.272456829;951.2079123
-5.73551E-06;-0.272448968;951.2036262
-5.73749E-06;-0.272441129;951.1993351
-5.73947E-06;-0.272433312;951.1950392
-5.74144E-06;-0.272425516;951.1907384
-5.7434E-06;-0.272417742;951.1864327
-5.74535E-06;-0.272409989;951.182122
-5.7473E-06;-0.272402257;951.1778063
-5.74923E-06;-0.272394546;951.1734856
-5.75116E-06;-0.272386856;951.16916
-5.75309E-06;-0.272379188;951.1648293
-5.755E-06;-0.27237154;951.1604936
-5.75691E-06;-0.272363914;951.1561528
-5.75881E-06;-0.272356309;951.1518068
-5.7607E-06;-0.272348723;951.1474555
-5.76259E-06;-0.272341158;951.1430988
-5.76447E-06;-0.272333612;951.1387364
-5.76634E-06;-0.272326085;951.1343683
-5.76821E-06;-0.272318576;951.1299942
-5.77007E-06;-0.272311085;951.1256139
-5.77193E-06;-0.272303611;951.1212274
-5.77378E-06;-0.272296154;951.1168343
-5.77563E-06;-0.272288713;951.1124345
-5.77747E-06;-0.272281287;951.1080279
-5.77931E-06;-0.272273877;951.1036143
-5.78115E-06;-0.27226648;951.0991934
-5.78298E-06;-0.272259098;951.0947652
-5.7848E-06;-0.272251729;951.0903292
-5.78663E-06;-0.272244372;951.0858854
-5.78845E-06;-0.272237027;951.0814332
-5.79027E-06;-0.272229692;951.0769725
-5.79209E-06;-0.272222366;951.072503
-5.7939E-06;-0.27221505;951.0680244
-5.79572E-06;-0.272207741;951.0635366
-5.79753E-06;-0.272200441;951.0590392
-5.79935E-06;-0.272193148;951.0545323
-5.80116E-06;-0.272185863;951.0500157
-5.80297E-06;-0.272178586;951.0454894
-5.80465E-06;-0.272171677;951.0411778
-5.80646E-06;-0.272164411;951.0366292
-5.80827E-06;-0.272157153;951.0320707
-5.81008E-06;-0.272149902;951.0275024
-5.81189E-06;-0.27214266;951.0229242
-5.8137E-06;-0.272135426;951.018336
-5.8155E-06;-0.272128201;951.0137378
-5.81731E-06;-0.272120984;951.0091297
-5.81911E-06;-0.272113777;951.0045116
-5.82091E-06;-0.272106579;950.9998836
-5.8227E-06;-0.272099391;950.9952456
-5.8245E-06;-0.272092213;950.9905977
-5.82629E-06;-0.272085045;950.98594
-5.82808E-06;-0.272077888;950.9812725
-5.82986E-06;-0.272070743;950.9765953
-5.83164E-06;-0.27206361;950.9719086
-5.83342E-06;-0.27205649;950.9672124
-5.83519E-06;-0.272049383;950.9625068
-5.83696E-06;-0.272042289;950.957792
-5.83872E-06;-0.272035211;950.9530681
-5.84047E-06;-0.272028147;950.9483353
-5.84222E-06;-0.272021099;950.9435937
-5.84397E-06;-0.272014067;950.9388434
-5.84571E-06;-0.272007053;950.9340846
-5.84744E-06;-0.272000055;950.9293172
-5.84916E-06;-0.271993074;950.9245413
-5.85088E-06;-0.271986112;950.9197572
-5.85259E-06;-0.271979168;950.9149649
-5.85429E-06;-0.271972244;950.9101646
-5.85599E-06;-0.27196534;950.9053565
-5.85767E-06;-0.271958457;950.9005409
-5.85934E-06;-0.271951596;950.8957179
-5.86101E-06;-0.271944757;950.8908877
-5.86266E-06;-0.271937941;950.8860505
-5.86431E-06;-0.271931149;950.8812065
-5.86594E-06;-0.271924382;950.8763558
-5.86756E-06;-0.271917639;950.8714987
-5.86918E-06;-0.271910923;950.8666354
-5.87077E-06;-0.271904234;950.8617662
-5.87236E-06;-0.271897572;950.8568914
-5.87393E-06;-0.271890941;950.8520113
-5.87549E-06;-0.271884339;950.8471265
-5.87703E-06;-0.271877771;950.8422372
-5.87856E-06;-0.271871236;950.8373442
-5.88007E-06;-0.271864737;950.8324478
-5.88156E-06;-0.271858276;950.8275486
-5.88303E-06;-0.271851854;950.8226472
-5.88449E-06;-0.271845474;950.817744
-5.88592E-06;-0.271839136;950.8128396
-5.88733E-06;-0.271832843;950.8079347
-5.88872E-06;-0.271826596;950.8030298
-5.89009E-06;-0.271820398;950.7981256
-5.89143E-06;-0.27181425;950.7932226
-5.89275E-06;-0.271808154;950.7883214
-5.89405E-06;-0.271802111;950.7834223
-5.89532E-06;-0.271796121;950.778526
-5.89656E-06;-0.271790187;950.7736328
-5.89777E-06;-0.271784309;950.7687433
-5.89896E-06;-0.271778488;950.7638579
-5.90016E-06;-0.27177262;950.7589117
-5.90129E-06;-0.271766925;950.75404
-5.90239E-06;-0.27176129;950.749174
-5.90347E-06;-0.271755718;950.7443144
-5.90451E-06;-0.27175021;950.7394616
-5.90553E-06;-0.271744767;950.7346162
-5.90651E-06;-0.27173939;950.7297786
-5.90746E-06;-0.271734081;950.7249494
-5.90838E-06;-0.271728841;950.7201291
-5.90927E-06;-0.271723671;950.7153182
-5.91012E-06;-0.271718572;950.7105172
-5.91094E-06;-0.271713545;950.7057266
-5.91173E-06;-0.271708592;950.7009468
-5.91248E-06;-0.271703714;950.6961785
-5.91319E-06;-0.271698912;950.691422
-5.91387E-06;-0.271694187;950.6866779
-5.91452E-06;-0.271689541;950.6819467
-5.91513E-06;-0.271684974;950.6772291
-5.9157E-06;-0.271680489;950.6725254
-5.91623E-06;-0.271676086;950.6678362
-5.91672E-06;-0.271671767;950.6631622
-5.91717E-06;-0.271667533;950.6585036
-5.91759E-06;-0.271663384;950.6538612
-5.91796E-06;-0.271659323;950.6492353
-5.9183E-06;-0.27165535;950.6446265
-5.91859E-06;-0.271651466;950.6400353
-5.91884E-06;-0.271647673;950.6354621
-5.91905E-06;-0.271643972;950.6309076
-5.91922E-06;-0.271640364;950.6263722
-5.91935E-06;-0.27163685;950.6218563
-5.91943E-06;-0.271633431;950.6173605
-5.91947E-06;-0.271630108;950.6128853
-5.91947E-06;-0.271626882;950.608431
-5.91942E-06;-0.271623754;950.6039981
-5.91933E-06;-0.271620724;950.5995871
-5.91924E-06;-0.27161765;950.5951085
-5.91907E-06;-0.271614815;950.5907389
-5.91884E-06;-0.271612083;950.5863926
-5.91858E-06;-0.271609453;950.5820702
-5.91826E-06;-0.271606927;950.577772
-5.9179E-06;-0.271604506;950.5734985
-5.9175E-06;-0.271602191;950.5692504
-5.91704E-06;-0.271599985;950.5650281
-5.91654E-06;-0.271597887;950.5608321
-5.91599E-06;-0.271595899;950.556663
-5.9154E-06;-0.271594023;950.552521
-5.91475E-06;-0.271592258;950.5484067
-5.91406E-06;-0.271590606;950.5443205
-5.91331E-06;-0.271589068;950.5402627
-5.91252E-06;-0.271587645;950.5362339
-5.91168E-06;-0.271586337;950.5322343
-5.91079E-06;-0.271585145;950.5282644
-5.90985E-06;-0.27158407;950.5243246
-5.90885E-06;-0.271583113;950.5204151
-5.90781E-06;-0.271582274;950.5165363
-5.90672E-06;-0.271581553;950.5126885
-5.90557E-06;-0.271580952;950.5088721
-5.90438E-06;-0.271580471;950.5050874
-5.90314E-06;-0.27158011;950.5013346
-5.90184E-06;-0.271579871;950.4976143
-5.90049E-06;-0.271579754;950.4939268
-5.89909E-06;-0.271579761;950.4902725
-5.89764E-06;-0.271579892;950.4866519
-5.89613E-06;-0.271580149;950.4830654
-5.89457E-06;-0.271580532;950.4795134
-5.89296E-06;-0.271581043;950.4759964
-5.89129E-06;-0.271581682;950.4725147
-5.88957E-06;-0.27158245;950.4690688
-5.88779E-06;-0.271583348;950.4656589
-5.88596E-06;-0.271584378;950.4622856
-5.88407E-06;-0.271585539;950.4589491
-5.88213E-06;-0.271586832;950.4556497
-5.88013E-06;-0.271588258;950.4523878
-5.87808E-06;-0.271589818;950.4491636
-5.87597E-06;-0.271591512;950.4459776
-5.8738E-06;-0.271593341;950.4428299
-5.87157E-06;-0.271595305;950.4397209
-5.86929E-06;-0.271597405;950.4366508
-5.86695E-06;-0.271599642;950.4336199
-5.86456E-06;-0.271602015;950.4306284
-5.86211E-06;-0.271604525;950.4276765
-5.8596E-06;-0.271607172;950.4247645
-5.85703E-06;-0.271609958;950.4218925
-5.8544E-06;-0.271612881;950.4190609
-5.85172E-06;-0.271615943;950.4162699
-5.84898E-06;-0.271619143;950.4135195
-5.84619E-06;-0.271622482;950.41081
-5.84333E-06;-0.27162596;950.4081417
-5.84042E-06;-0.271629577;950.4055146
-5.83745E-06;-0.271633334;950.4029289
-5.83443E-06;-0.271637229;950.4003846
-5.83125E-06;-0.271641511;950.398036
-5.82811E-06;-0.271645683;950.3955742
-5.82492E-06;-0.271649993;950.3931541
-5.82167E-06;-0.271654442;950.3907759
-5.81836E-06;-0.271659029;950.3884397
-5.81499E-06;-0.271663755;950.3861457
-5.81157E-06;-0.271668621;950.3838942
-5.80809E-06;-0.271673627;950.3816854
-5.80456E-06;-0.271678773;950.3795196
-5.80097E-06;-0.271684059;950.3773968
-5.79732E-06;-0.271689487;950.3753172
-5.79361E-06;-0.271695055;950.373281
-5.78985E-06;-0.271700763;950.3712881
-5.78603E-06;-0.271706612;950.3693387
-5.78216E-06;-0.271712601;950.3674326
-5.77823E-06;-0.27171873;950.3655699
-5.77424E-06;-0.271724998;950.3637505
-5.7702E-06;-0.271731404;950.3619744
-5.7661E-06;-0.271737949;950.3602414
-5.76195E-06;-0.271744631;950.3585516
-5.75774E-06;-0.271751451;950.3569047
-5.75348E-06;-0.271758407;950.3553006
-5.74916E-06;-0.271765498;950.3537393
-5.74479E-06;-0.271772725;950.3522205
-5.74037E-06;-0.271780085;950.350744
-5.73589E-06;-0.271787579;950.3493096
-5.73137E-06;-0.271795204;950.3479169
-5.72679E-06;-0.27180296;950.3465658
-5.72216E-06;-0.271810846;950.345256
-5.71748E-06;-0.271818862;950.3439874
-5.71275E-06;-0.271827005;950.3427595
-5.70797E-06;-0.271835276;950.3415723
-5.70315E-06;-0.271843673;950.3404256
-5.69827E-06;-0.271852196;950.3393191
-5.69335E-06;-0.271860845;950.3382528
-5.68838E-06;-0.271869619;950.3372263
-5.68336E-06;-0.271878516;950.3362395
-5.67829E-06;-0.271887537;950.3352919
-5.67318E-06;-0.271896679;950.3343833
-5.66802E-06;-0.271905941;950.3335135
-5.66282E-06;-0.271915324;950.332682
-5.65757E-06;-0.271924826;950.3318886
-5.65228E-06;-0.271934445;950.3311329
-5.64694E-06;-0.271944181;950.3304146
-5.64156E-06;-0.271954033;950.3297333
-5.63614E-06;-0.271963999;950.3290886
-5.63072E-06;-0.271974006;950.3284629
-5.62502E-06;-0.271984638;950.3280158
-5.61948E-06;-0.271994945;950.32748
-5.61389E-06;-0.272005362;950.3269795
-5.60827E-06;-0.272015888;950.326514
-5.6026E-06;-0.272026523;950.3260832
-5.5969E-06;-0.272037266;950.3256868
-5.59115E-06;-0.272048117;950.3253246
-5.58537E-06;-0.272059074;950.3249962
-5.57955E-06;-0.272070136;950.3247014
-5.57369E-06;-0.272081303;950.3244397
-5.5678E-06;-0.272092574;950.3242109
-5.56187E-06;-0.272103948;950.3240147
-5.5559E-06;-0.272115424;950.3238506
-5.5499E-06;-0.272127002;950.3237185
-5.54386E-06;-0.27213868;950.3236181
-5.53778E-06;-0.272150459;950.3235493
-5.53168E-06;-0.272162338;950.3235117
-5.52553E-06;-0.272174318;950.3235053
-5.51935E-06;-0.272186396;950.3235297
-5.51314E-06;-0.272198575;950.3235849
-5.5069E-06;-0.272210851;950.3236705
-5.50062E-06;-0.272223226;950.3237864
-5.4943E-06;-0.272235699;950.3239322
-5.48795E-06;-0.272248267;950.3241077
-5.48157E-06;-0.272260932;950.3243126
-5.47505E-06;-0.272273953;950.3246254
-5.46871E-06;-0.272286656;950.3248522
-5.46223E-06;-0.2722996;950.3251426
-5.45564E-06;-0.272312868;950.3256051
-5.44911E-06;-0.272325995;950.3259512
-5.44254E-06;-0.272339213;950.326325
-5.43594E-06;-0.272352522;950.3267264
-5.42931E-06;-0.272365921;950.3271552
-5.42266E-06;-0.27237941;950.3276112
-5.41597E-06;-0.272392988;950.3280944
-5.40925E-06;-0.272406656;950.3286047
-5.40251E-06;-0.272420413;950.3291419
-5.39573E-06;-0.272434259;950.3297061
-5.38892E-06;-0.272448194;950.330297
-5.38209E-06;-0.272462216;950.3309146
-5.37522E-06;-0.272476326;950.3315588
-5.36833E-06;-0.272490524;950.3322296
-5.36141E-06;-0.272504808;950.3329267
-5.35446E-06;-0.272519179;950.33365
-5.34748E-06;-0.272533635;950.3343996
-5.34047E-06;-0.272548176;950.3351752
-5.33344E-06;-0.272562801;950.3359767
-5.32638E-06;-0.272577511;950.3368041
-5.31929E-06;-0.272592303;950.3376574
-5.31217E-06;-0.272607179;950.3385364
-5.30503E-06;-0.272622138;950.3394412
-5.29786E-06;-0.272637178;950.3403718
-5.29066E-06;-0.272652301;950.3413281
-5.28344E-06;-0.272667505;950.3423102
-5.27619E-06;-0.272682792;950.3433182
-5.26892E-06;-0.27269816;950.3443522
-5.26162E-06;-0.272713609;950.3454121
-5.25429E-06;-0.27272914;950.3464981
-5.24706E-06;-0.272744558;950.3475639
-5.23968E-06;-0.272760252;950.3487025
-5.23227E-06;-0.272776028;950.3498674
-5.22484E-06;-0.272791885;950.3510587
-5.21738E-06;-0.272807823;950.3522763
-5.20989E-06;-0.27282384;950.3535202
-5.20238E-06;-0.272839938;950.3547905
-5.19496E-06;-0.272855935;950.3560447
-5.18739E-06;-0.272872193;950.3573683
-5.1798E-06;-0.272888529;950.3587183
-5.17219E-06;-0.272904942;950.3600945
-5.16455E-06;-0.272921432;950.3614969
-5.15689E-06;-0.272937997;950.3629252
-5.1492E-06;-0.272954636;950.3643792
-5.14149E-06;-0.272971348;950.3658587
-5.13377E-06;-0.272988131;950.3673635
-5.12601E-06;-0.273004984;950.3688934
-5.11824E-06;-0.273021905;950.3704479
-5.11045E-06;-0.273038894;950.3720269
-5.10265E-06;-0.273055947;950.3736301
-5.09482E-06;-0.273073065;950.375257
-5.08698E-06;-0.273090244;950.3769073
-5.07912E-06;-0.273107484;950.3785807
-5.07133E-06;-0.273124644;950.3802439
-5.06344E-06;-0.273141999;950.3819625
-5.05554E-06;-0.273159409;950.3837028
-5.04763E-06;-0.27317687;950.3854645
-5.0397E-06;-0.273194382;950.3872469
-5.03177E-06;-0.273211941;950.3890498
-5.02382E-06;-0.273229546;950.3908727
-5.01587E-06;-0.273247196;950.392715
-5.00791E-06;-0.273264887;950.3945763
-4.99994E-06;-0.273282617;950.3964559
-4.99197E-06;-0.273300384;950.3983534
-4.984E-06;-0.273318186;950.400268
-4.97609E-06;-0.273335916;950.4021744
-4.96811E-06;-0.273353783;950.4041225
-4.96013E-06;-0.273371678;950.4060859
-4.95216E-06;-0.273389598;950.4080641
-4.94418E-06;-0.273407541;950.4100564
-4.93626E-06;-0.273425417;950.4120416
-4.92829E-06;-0.273443401;950.4140611
-4.92032E-06;-0.2734614;950.4160928
-4.91237E-06;-0.273479411;950.418136
-4.90441E-06;-0.273497431;950.4201899
-4.89647E-06;-0.273515459;950.4222538
-4.88859E-06;-0.273533426;950.4243118
-4.88067E-06;-0.273551462;950.4263947
-4.8728E-06;-0.27356944;950.4284719
-4.8649E-06;-0.273587476;950.430571
-4.85706E-06;-0.273605455;950.4326647
-4.84922E-06;-0.273623431;950.434766
-4.84137E-06;-0.27364145;950.4368852
-4.83354E-06;-0.273659456;950.4390091
-4.82573E-06;-0.273677446;950.4411372
-4.81796E-06;-0.273695385;950.4432607
-4.81019E-06;-0.27371334;950.4453957
-4.80246E-06;-0.273731245;950.4475263
-4.79473E-06;-0.273749155;950.4496654
-4.78703E-06;-0.273767036;950.451805
-4.77936E-06;-0.273784886;950.4539443
-4.77171E-06;-0.273802702;950.4560827
-4.7641E-06;-0.273820473;950.4582173
-4.75651E-06;-0.273838217;950.4603524
-4.74896E-06;-0.273855919;950.4624842
-4.74143E-06;-0.273873577;950.4646122
-4.73394E-06;-0.273891188;950.4667355
-4.72649E-06;-0.273908749;950.4688534
-4.71907E-06;-0.273926258;950.4709649
-4.71168E-06;-0.273943723;950.4730719
-4.70434E-06;-0.273961121;950.4751688
-4.69704E-06;-0.273978457;950.4772568
-4.68978E-06;-0.273995728;950.4793349
-4.68255E-06;-0.274012949;950.4814063
-4.67537E-06;-0.274030083;950.4834622
-4.66823E-06;-0.274047161;950.4855098
-4.66115E-06;-0.274064145;950.4875398
-4.65412E-06;-0.274081049;950.4895553
-4.64714E-06;-0.27409787;950.4915555
-4.6402E-06;-0.274114604;950.4935396
-4.63331E-06;-0.274131274;950.4955122
-4.62648E-06;-0.27414783;950.4974618
-4.61971E-06;-0.274164291;950.4993927
-4.61299E-06;-0.274180655;950.5013041
-4.60631E-06;-0.274196945;950.5032014
-4.59971E-06;-0.274213106;950.5050713
-4.59317E-06;-0.274229161;950.5069191
-4.58669E-06;-0.274245106;950.5087437
-4.58027E-06;-0.274260939;950.5105442
-4.57402E-06;-0.27427646;950.5122671
-4.56771E-06;-0.274292093;950.5140252
-4.56148E-06;-0.274307573;950.5157494
-4.55532E-06;-0.274322929;950.5174462
-4.54923E-06;-0.274338157;950.5191146
-4.54321E-06;-0.274353255;950.5207537
-4.53726E-06;-0.27436822;950.5223627
-4.53136E-06;-0.274383085;950.5239493
-4.52555E-06;-0.274397775;950.5254957
-4.51982E-06;-0.274412324;950.5270095
-4.51416E-06;-0.274426728;950.5284898
-4.50858E-06;-0.274440986;950.529936
-4.50307E-06;-0.274455094;950.5313473
-4.49762E-06;-0.274469087;950.5327317
-4.49225E-06;-0.274482926;950.5340795
-4.48699E-06;-0.274496573;950.535382
-4.4818E-06;-0.274510062;950.536647
-4.4767E-06;-0.274523392;950.5378738
-4.47167E-06;-0.27453656;950.539062
-4.46671E-06;-0.274549604;950.5402198
-4.46182E-06;-0.274562484;950.5413382
-4.45705E-06;-0.274575163;950.5424077
-4.45233E-06;-0.274587715;950.5434462
-4.44769E-06;-0.274600104;950.5444446
-4.44316E-06;-0.274612285;950.5453922
-4.43871E-06;-0.274624299;950.5462986
-4.43431E-06;-0.274636195;950.5471751
-4.42999E-06;-0.274647929;950.5480117
-4.42579E-06;-0.274659447;950.5487947
-4.42167E-06;-0.274670799;950.5495362
-4.41758E-06;-0.27468205;950.5502515
-4.41362E-06;-0.274693074;950.5509105
-4.40973E-06;-0.274703933;950.5515279
-4.40592E-06;-0.274714628;950.5521035
-4.40214E-06;-0.274725241;950.5526566
-4.39849E-06;-0.274735612;950.5531495
-4.39492E-06;-0.274745821;950.5536006
-4.39136E-06;-0.274755965;950.554033
-4.38786E-06;-0.27476596;950.5544266
-4.38451E-06;-0.274775695;950.5547547
-4.38116E-06;-0.274785389;950.5550694
-4.37795E-06;-0.274794811;950.5553156
-4.37474E-06;-0.274804207;950.5555516
-4.37167E-06;-0.274813319;950.555716
-4.36859E-06;-0.27482242;950.5558733
-4.36567E-06;-0.274831226;950.5559563
-4.36282E-06;-0.274839879;950.5559982
-4.35994E-06;-0.274848539;950.5560371
-4.35722E-06;-0.27485689;950.5559978
-4.35447E-06;-0.274865263;950.5559584
-4.35189E-06;-0.274873315;950.5558377
-4.34939E-06;-0.274881215;950.5556757
-4.34682E-06;-0.274889156;950.5555177
-4.34445E-06;-0.27489676;950.5552744
-4.34201E-06;-0.274904417;950.5550377
-4.33977E-06;-0.274911728;950.5547132
-4.33745E-06;-0.274919103;950.554398
-4.33519E-06;-0.274926343;950.5540444
-4.33314E-06;-0.27493322;950.5535988
-4.33101E-06;-0.274940181;950.5531668
-4.32908E-06;-0.274946771;950.5526404
-4.32722E-06;-0.274953217;950.5520734
-4.32543E-06;-0.274959519;950.5514658
-4.3237E-06;-0.274965679;950.5508177
-4.32185E-06;-0.274971959;950.5501918
-4.32024E-06;-0.274977843;950.5494651
-4.31869E-06;-0.274983589;950.5486985
-4.31702E-06;-0.274989455;950.5479534
-4.31542E-06;-0.274995191;950.5471706
-4.31386E-06;-0.275000799;950.5463501
-4.31236E-06;-0.275006279;950.5454921
-4.3111E-06;-0.275011354;950.544531
-4.30971E-06;-0.275016576;950.5435972
-4.30837E-06;-0.275021672;950.5426264
-4.30709E-06;-0.275026643;950.5416183
-4.30596E-06;-0.275031331;950.5405358
-4.30487E-06;-0.275035919;950.539422
-4.30374E-06;-0.275040515;950.5383021
-4.30287E-06;-0.275044692;950.5370755
-4.30204E-06;-0.275048744;950.5358113
-4.30107E-06;-0.275052966;950.5345794
-4.30016E-06;-0.275057065;950.5333102
-4.2993E-06;-0.275061041;950.5320037
-4.29849E-06;-0.275064894;950.5306597
-4.29773E-06;-0.275068624;950.5292781
-4.29722E-06;-0.275071933;950.5277883
-4.29657E-06;-0.275075415;950.526331
-4.29617E-06;-0.27507848;950.5247659
-4.29574E-06;-0.275081424;950.5231449
-4.29525E-06;-0.275084536;950.5215733
-4.295E-06;-0.275087236;950.519895
-4.2948E-06;-0.275089817;950.5181794
-4.2946E-06;-0.275092374;950.516449
-4.29437E-06;-0.275094906;950.5147033
-4.29414E-06;-0.27509741;950.5129416
-4.29397E-06;-0.275099792;950.5111416
-4.29402E-06;-0.27510178;950.5092389
-4.29412E-06;-0.275103654;950.5072996
-4.29427E-06;-0.275105414;950.5053239
-4.29447E-06;-0.275107062;950.5033119
-4.29455E-06;-0.275108859;950.5013253
-4.29467E-06;-0.275110537;950.499301
-4.29481E-06;-0.275112139;950.4972473
-4.295E-06;-0.275113645;950.4951624
-4.29532E-06;-0.275114913;950.4930115
-4.2957E-06;-0.275116064;950.4908291
-4.29607E-06;-0.275117168;950.4886197
-4.29649E-06;-0.275118158;950.4863733
-4.29697E-06;-0.275119033;950.4840898
-4.29749E-06;-0.275119794;950.4817695
-4.29821E-06;-0.27512022;950.4793599
-4.29882E-06;-0.275120757;950.4769669
-4.29963E-06;-0.275120968;950.4744869
-4.30034E-06;-0.275121284;950.4720219
-4.30111E-06;-0.275121488;950.4695207
-4.30192E-06;-0.27512158;950.4669836
-4.30306E-06;-0.275120857;950.4642088
-4.30409E-06;-0.275120556;950.4615607
-4.30516E-06;-0.275120155;950.4588797
-4.30626E-06;-0.275119655;950.4561661
-4.30729E-06;-0.275119238;950.4534631
-4.30834E-06;-0.275118798;950.4507545
-4.3093E-06;-0.27511845;950.4480592
-4.31046E-06;-0.275117739;950.445261
-4.3115E-06;-0.27511721;950.4425065
-4.31274E-06;-0.275116304;950.4396456
-4.31385E-06;-0.275115596;950.4368331
-4.31517E-06;-0.2751145;950.433911
-4.31654E-06;-0.275113307;950.4309579
-4.31804E-06;-0.275111873;950.4279403
-4.31931E-06;-0.275110813;950.4250139
-4.32079E-06;-0.275109343;950.4219726
-4.32268E-06;-0.275107027;950.4186951
-4.32405E-06;-0.275105737;950.4156939
-4.32563E-06;-0.275104038;950.4125779
-4.32727E-06;-0.275102223;950.4094273
-4.32897E-06;-0.275100302;950.4062445
-4.33072E-06;-0.275098252;950.4030247
-4.33233E-06;-0.275096456;950.3998702
-4.33411E-06;-0.275094325;950.3966179
-4.33592E-06;-0.275092113;950.3933398
-4.33756E-06;-0.275090192;950.3901369
-4.33946E-06;-0.275087761;950.386771
-4.34143E-06;-0.275085233;950.3833993
-4.3432E-06;-0.275083036;950.3801124
-4.34519E-06;-0.275080435;950.3767114
-4.34698E-06;-0.275078164;950.3733955
-4.34906E-06;-0.275075373;950.3699381
-4.35111E-06;-0.275072642;950.3665137
-4.3531E-06;-0.275069942;950.3630713
-4.35521E-06;-0.275067046;950.3595731
-4.35712E-06;-0.275064486;950.3561622
-4.3594E-06;-0.275061268;950.3525774
-4.36135E-06;-0.275058611;950.3491327
-4.36357E-06;-0.275055481;950.3455571
-4.36581E-06;-0.275052292;950.3419622
-4.36807E-06;-0.275049066;950.3383534
-4.37012E-06;-0.275046179;950.3348333
-4.37219E-06;-0.275043268;950.3313022
-4.37451E-06;-0.275039887;950.3276414
-4.37685E-06;-0.275036473;950.323968
-4.3792E-06;-0.275033017;950.3202796
-4.38157E-06;-0.275029519;950.3165765
-4.38372E-06;-0.275026407;950.3129742
-4.38612E-06;-0.275022839;950.3092452
-4.3883E-06;-0.275019661;950.3056182
-4.39048E-06;-0.275016452;950.3019795
-4.39268E-06;-0.275013214;950.2983296
-4.39512E-06;-0.275009546;950.2945596
-4.39758E-06;-0.27500583;950.2907744
-4.40005E-06;-0.275002088;950.2869789
-4.40213E-06;-0.274999111;950.2833911
-4.40461E-06;-0.274995343;950.2795824
-4.4071E-06;-0.274991552;950.2757649
-4.4096E-06;-0.274987743;950.2719392
-4.41186E-06;-0.274984341;950.2682204
-4.41435E-06;-0.274980522;950.2643854
-4.41685E-06;-0.274976689;950.2605439
-4.41912E-06;-0.274973245;950.2568051
-4.42164E-06;-0.274969367;950.2529467
-4.42394E-06;-0.274965977;950.249224
-4.42623E-06;-0.274962506;950.2454702
-4.42873E-06;-0.274958646;950.2416078
-4.43097E-06;-0.274955231;950.2378615
-4.43348E-06;-0.274951338;950.2339859
-4.436E-06;-0.274947443;950.2301075
-4.43828E-06;-0.27494396;950.2263375
-4.44077E-06;-0.274940096;950.2224614
-4.44302E-06;-0.27493665;950.2186952
-4.44551E-06;-0.274932773;950.2148117
-4.44778E-06;-0.274929288;950.2110317
-4.45005E-06;-0.274925802;950.2072497
-4.45254E-06;-0.274921933;950.2033614
-4.45501E-06;-0.274918081;950.1994752
-4.45725E-06;-0.274914632;950.1956953
-4.4595E-06;-0.274911183;950.1919129
-4.46174E-06;-0.274907726;950.1881266
-4.46421E-06;-0.274903881;950.1842336
-4.46645E-06;-0.274900418;950.1804413
-4.46857E-06;-0.274897337;950.1767592
-4.47101E-06;-0.274893524;950.1728681
-4.47324E-06;-0.274890079;950.1690737
-4.47567E-06;-0.274886284;950.1651823
-4.4781E-06;-0.274882498;950.161291
-4.48051E-06;-0.274878717;950.1573988
-4.48273E-06;-0.274875284;950.1535975
-4.48493E-06;-0.274871887;950.149802
-4.48731E-06;-0.274868162;950.1459155
-4.4897E-06;-0.27486441;950.14202
-4.49206E-06;-0.274860703;950.1381326
-4.49425E-06;-0.274857305;950.1343254
-4.49663E-06;-0.274853567;950.130425
-4.49885E-06;-0.274850117;950.126599
-4.50107E-06;-0.274846655;950.1227666
-4.50294E-06;-0.274843974;950.1191511
-4.50532E-06;-0.274840226;950.1152346
-4.50769E-06;-0.27483648;950.111315
-4.5099E-06;-0.274833009;950.1074644
-4.51212E-06;-0.274829517;950.1036044
-4.51438E-06;-0.274825965;950.0997254
-4.51642E-06;-0.274822951;950.0959967
-4.51869E-06;-0.274819358;950.092098
-4.52097E-06;-0.274815736;950.0881872
-4.52327E-06;-0.274812086;950.0842641
-4.52567E-06;-0.274808251;950.0802866
-4.52766E-06;-0.274805281;950.0765466
-4.53E-06;-0.274801546;950.0725861
-4.53241E-06;-0.27479766;950.06858
-4.53477E-06;-0.274793873;950.0645955
-4.53719E-06;-0.27478996;950.0605716
-4.53927E-06;-0.27478681;950.0567563
-4.54136E-06;-0.274783607;950.0529213
-4.54377E-06;-0.274779692;950.0488801
-4.54623E-06;-0.274775699;950.0448122
-4.54837E-06;-0.27477238;950.0409284
-4.55083E-06;-0.274768375;950.0368457
-4.55329E-06;-0.274764343;950.0327496
-4.55549E-06;-0.274760902;950.0288145
-4.55772E-06;-0.274757412;950.0248603
-4.56022E-06;-0.274753281;950.0207195
-4.5627E-06;-0.27474918;950.0165787
-4.56524E-06;-0.27474499;950.0124097
-4.56779E-06;-0.274740772;950.0082271
-4.57033E-06;-0.274736557;950.0040378
-4.57262E-06;-0.274732883;949.9999954
-4.57495E-06;-0.274729144;949.9959297
-4.57756E-06;-0.274724807;949.9916899
-4.58016E-06;-0.274720454;949.9874393
-4.58278E-06;-0.27471608;949.983177
-4.5854E-06;-0.274711688;949.9789034
-4.58801E-06;-0.274707303;949.9746247
-4.5904E-06;-0.274703419;949.9704812
-4.59296E-06;-0.274699122;949.9662142
-4.59559E-06;-0.274694698;949.9619072
-4.59826E-06;-0.274690199;949.957574
-4.60092E-06;-0.274685726;949.9532414
-4.60358E-06;-0.274681245;949.9489006
-4.60625E-06;-0.274676725;949.9445426
-4.6087E-06;-0.274672699;949.9403181
-4.61137E-06;-0.2746682;949.9359545
-4.61403E-06;-0.274663701;949.9315851
-4.61649E-06;-0.274659644;949.9273342
-4.61915E-06;-0.274655137;949.922951
-4.62159E-06;-0.274651105;949.9186938
-4.62426E-06;-0.274646596;949.9142987
-4.62691E-06;-0.274642093;949.9098994
-4.62957E-06;-0.274637597;949.9054968
-4.63222E-06;-0.274633108;949.9010905
-4.63486E-06;-0.274628627;949.8966814
-4.63733E-06;-0.274624542;949.8923784
-4.63979E-06;-0.274620467;949.8880732
-4.64225E-06;-0.274616385;949.8837608
-4.64488E-06;-0.274611934;949.8793394
-4.6475E-06;-0.274607499;949.8749176
-4.64995E-06;-0.274603434;949.8705951
-4.65255E-06;-0.274599025;949.8661711
-4.65515E-06;-0.274594636;949.8617479
-4.65759E-06;-0.274590595;949.8574184
-4.66002E-06;-0.274586561;949.8530863
-4.66259E-06;-0.274582217;949.8486627
-4.66501E-06;-0.274578204;949.8443278
-4.66756E-06;-0.274573899;949.8399068
-4.66997E-06;-0.274569909;949.8355706
-4.6725E-06;-0.274565646;949.8311537
-4.67502E-06;-0.274561412;949.8267409
-4.67752E-06;-0.274557205;949.8223324
-4.68001E-06;-0.274553028;949.8179288
-4.68249E-06;-0.274548881;949.8135303
-4.68495E-06;-0.274544764;949.8091372
-4.68729E-06;-0.274540893;949.8048106
-4.68964E-06;-0.274537032;949.8004838
-4.69207E-06;-0.274532986;949.7961025
-4.6944E-06;-0.274529154;949.7917788
-4.69672E-06;-0.274525331;949.7874556
-4.69911E-06;-0.27452136;949.7830886
-4.70149E-06;-0.274517423;949.7787296
-4.70379E-06;-0.274513658;949.7744168
-4.70614E-06;-0.274509781;949.7700712
-4.70842E-06;-0.27450605;949.7657656
-4.71074E-06;-0.27450223;949.7614339
-4.71301E-06;-0.274498539;949.7571373
-4.7153E-06;-0.274494782;949.7528217
-4.71759E-06;-0.27449108;949.7485252
-4.71986E-06;-0.274487389;949.7442267
-4.72208E-06;-0.27448379;949.739954
-4.72432E-06;-0.274480167;949.7356741
-4.72654E-06;-0.274476585;949.7314054
-4.72873E-06;-0.274473074;949.7271566
-4.73091E-06;-0.274469565;949.7229084
-4.73307E-06;-0.274466116;949.7186767
-4.73522E-06;-0.274462698;949.7144537
-4.73735E-06;-0.274459313;949.7102399
-4.73947E-06;-0.274455953;949.7060329
-4.74157E-06;-0.274452642;949.7018391
-4.74365E-06;-0.274449369;949.6976557
-4.74572E-06;-0.274446136;949.6934832
-4.74777E-06;-0.274442941;949.6893206
-4.74979E-06;-0.2744398;949.6851729
-4.75181E-06;-0.274436692;949.6810336
-4.7538E-06;-0.274433631;949.6769066
-4.75576E-06;-0.274430625;949.672794
-4.75771E-06;-0.27442766;949.668692
-4.75963E-06;-0.274424752;949.6646049
-4.76154E-06;-0.274421891;949.6605295
-4.76341E-06;-0.274419088;949.6564692
-4.76516E-06;-0.274416588;949.6524967
-4.76699E-06;-0.274413902;949.648466
-4.7688E-06;-0.274411261;949.644446
-4.77058E-06;-0.274408675;949.6404398
-4.77233E-06;-0.274406162;949.6364521
-4.77406E-06;-0.274403688;949.6324734
-4.77575E-06;-0.274401298;949.628516
-4.77744E-06;-0.274398938;949.6245648
-4.77915E-06;-0.274396562;949.6206127
-4.78076E-06;-0.274394356;949.6167001
-4.78235E-06;-0.274392221;949.6128052
-4.7839E-06;-0.274390158;949.6089281
-4.78542E-06;-0.274388169;949.6050691
-4.7869E-06;-0.274386253;949.6012282
-4.78836E-06;-0.274384411;949.5974055
-4.78984E-06;-0.274382518;949.5935661
-4.79123E-06;-0.274380809;949.5897757
-4.7926E-06;-0.274379174;949.5860034
-4.79393E-06;-0.274377611;949.582249
-4.79531E-06;-0.274375952;949.5784649
-4.79666E-06;-0.274374349;949.5746941
-4.79791E-06;-0.274372975;949.5709852
-4.7991E-06;-0.274371745;949.5673191
-4.80038E-06;-0.274370309;949.5635879
-4.80155E-06;-0.274369119;949.5599239
-4.80269E-06;-0.274368001;949.5562777
-4.8038E-06;-0.274366953;949.5526492
-4.80499E-06;-0.274365743;949.5489728
-4.80604E-06;-0.274364822;949.545376
-4.80707E-06;-0.274363971;949.5417968
-4.80806E-06;-0.274363187;949.538235
-4.80903E-06;-0.274362472;949.5346904
-4.80997E-06;-0.274361822;949.5311628
-4.81102E-06;-0.274360939;949.5275684
-4.81191E-06;-0.274360405;949.5240709
-4.81291E-06;-0.274359625;949.5205027
-4.81389E-06;-0.274358894;949.5169473
-4.81486E-06;-0.27435821;949.5134046
-4.81566E-06;-0.274357888;949.5099624
-4.81644E-06;-0.274357621;949.5065351
-4.8172E-06;-0.274357407;949.5031222
-4.81794E-06;-0.274357244;949.4997232
-4.81866E-06;-0.274357129;949.4963375
-4.81936E-06;-0.274357061;949.4929648
-4.8202E-06;-0.274356687;949.4895063
-4.82102E-06;-0.274356353;949.4860593
-4.82168E-06;-0.274356406;949.4827214
-4.82247E-06;-0.27435615;949.479297
-4.82309E-06;-0.274356283;949.4759823
-4.8237E-06;-0.274356455;949.4726794
-4.82434E-06;-0.274356604;949.4693756
-4.82508E-06;-0.274356497;949.465996
-4.82564E-06;-0.274356781;949.462727
-4.82619E-06;-0.274357101;949.4594693
-4.82673E-06;-0.274357457;949.4562229
-4.82726E-06;-0.274357848;949.4529878
-4.82793E-06;-0.27435792;949.4496643
-4.82859E-06;-0.274358029;949.4463529
-4.82907E-06;-0.274358524;949.4431515
-4.82955E-06;-0.274359054;949.4399616
-4.83001E-06;-0.274359618;949.4367832
-4.83046E-06;-0.274360217;949.4336165
-4.83105E-06;-0.274360501;949.4303635
-4.83147E-06;-0.274361169;949.4272203
-4.83204E-06;-0.274361568;949.4240097
-4.83244E-06;-0.2743623;949.4208894
-4.83298E-06;-0.274362724;949.417685
-4.83335E-06;-0.274363527;949.4145897
-4.83371E-06;-0.274364365;949.4115072
-4.83422E-06;-0.274364896;949.4083415
-4.83455E-06;-0.274365805;949.4052849
-4.83488E-06;-0.274366749;949.4022416
-4.83546E-06;-0.274367191;949.3990891
-4.83575E-06;-0.274368219;949.3960757
-4.83603E-06;-0.274369277;949.3930748
-4.8363E-06;-0.274370372;949.3900881
-4.83655E-06;-0.274371504;949.3871158
-4.83679E-06;-0.274372673;949.3841582
-4.83702E-06;-0.274373879;949.3812154
-4.83723E-06;-0.274375123;949.3782876
-4.83743E-06;-0.274376404;949.3753751
-4.83761E-06;-0.274377723;949.372478
-4.83779E-06;-0.274379079;949.3695964
-4.83793E-06;-0.274380506;949.3667408
-4.83807E-06;-0.274381936;949.3638903
-4.8382E-06;-0.274383403;949.3610559
-4.83832E-06;-0.274384908;949.3582376
-4.83843E-06;-0.27438645;949.3554357
-4.83849E-06;-0.274388032;949.3525796
-4.83854E-06;-0.274389652;949.3497343
-4.83857E-06;-0.274391309;949.3469006
-4.83859E-06;-0.274393003;949.3440793
-4.8386E-06;-0.274394735;949.3412715
-4.83859E-06;-0.274396504;949.3384781
-4.83856E-06;-0.27439831;949.3357003
-4.83839E-06;-0.27440052;949.3331652
-4.83834E-06;-0.27440239;949.3304163
-4.83828E-06;-0.274404297;949.3276862
-4.83821E-06;-0.27440624;949.324976
-4.83813E-06;-0.274408219;949.3222866
-4.83803E-06;-0.274410233;949.3196189
-4.83793E-06;-0.274412284;949.3169738
-4.83784E-06;-0.274414367;949.3144346
-4.83774E-06;-0.274416486;949.3119169
-4.83763E-06;-0.274418641;949.309421
-4.83751E-06;-0.274420832;949.3069469
-4.83737E-06;-0.274423067;949.3044968
-4.83723E-06;-0.27442533;949.3020676
-4.83707E-06;-0.274427629;949.299661
-4.83691E-06;-0.274429963;949.2972773
-4.8367E-06;-0.274432335;949.294843
-4.83649E-06;-0.274434744;949.2924365
-4.83627E-06;-0.274437188;949.2900584
-4.83604E-06;-0.274439669;949.2877093
-4.83579E-06;-0.274442186;949.2853895
-4.83554E-06;-0.27444474;949.2830995
-4.83528E-06;-0.274447331;949.2808399
-4.83501E-06;-0.27444996;949.2786111
-4.83473E-06;-0.274452627;949.2764134
-4.83443E-06;-0.274455354;949.2742515
-4.83413E-06;-0.274458099;949.2721174
-4.83382E-06;-0.274460884;949.2700155
-4.8335E-06;-0.274463708;949.2679461
-4.83317E-06;-0.274466572;949.2659097
-4.83283E-06;-0.274469476;949.2639063
-4.83249E-06;-0.274472389;949.2619165
-4.83212E-06;-0.274475372;949.2599789
-4.83174E-06;-0.274478428;949.2580943
-4.83133E-06;-0.274481557;949.2562638
-4.83089E-06;-0.274484799;949.2544992
-4.8304E-06;-0.274488149;949.2527973
-4.82988E-06;-0.274491582;949.2511536
-4.82933E-06;-0.2744951;949.2495688
-4.82876E-06;-0.274498703;949.2480433
-4.82816E-06;-0.274502391;949.2465775
-4.82753E-06;-0.274506165;949.2451714
-4.82678E-06;-0.274510225;949.2438714
-4.82599E-06;-0.27451438;949.2426335
-4.82517E-06;-0.274518629;949.2414571
-4.82432E-06;-0.274522969;949.2403415
-4.82345E-06;-0.274527396;949.2392857
-4.82254E-06;-0.274531909;949.2382889
-4.82161E-06;-0.274536504;949.2373503
-4.82065E-06;-0.27454118;949.2364687
-4.81967E-06;-0.274545934;949.2356434
-4.81867E-06;-0.274550763;949.2348735
-4.81764E-06;-0.274555666;949.2341579
-4.81658E-06;-0.27456064;949.2334958
-4.81551E-06;-0.274565684;949.2328864
-4.81442E-06;-0.274570795;949.2323289
-4.8133E-06;-0.274575973;949.2318223
-4.81217E-06;-0.274581216;949.2313659
-4.81101E-06;-0.274586522;949.2309591
-4.80984E-06;-0.27459189;949.2306009
-4.80865E-06;-0.274597319;949.2302909
-4.80744E-06;-0.274602809;949.2300283
-4.80622E-06;-0.274608356;949.2298125
-4.80497E-06;-0.274613962;949.2296428
-4.80371E-06;-0.274619626;949.2295189
-4.80244E-06;-0.274625345;949.22944
-4.80114E-06;-0.27463112;949.2294057
-4.79983E-06;-0.274636951;949.2294156
-4.79851E-06;-0.274642836;949.2294691
-4.79716E-06;-0.274648775;949.2295659
-4.79581E-06;-0.274654768;949.2297055
-4.79443E-06;-0.274660815;949.2298876
-4.79304E-06;-0.274666914;949.2301118
-4.79163E-06;-0.274673066;949.2303778
-4.79021E-06;-0.27467927;949.2306852
-4.78877E-06;-0.274685527;949.2310337
-4.78732E-06;-0.274691835;949.2314231
-4.78585E-06;-0.274698194;949.2318531
-4.78437E-06;-0.274704606;949.2323233
-4.78287E-06;-0.274711068;949.2328336
-4.78135E-06;-0.274717582;949.2333838
-4.77982E-06;-0.274724146;949.2339736
-4.77827E-06;-0.274730762;949.2346028
-4.77671E-06;-0.274737428;949.2352712
-4.77514E-06;-0.274744145;949.2359787
-4.77354E-06;-0.274750913;949.236725
-4.77193E-06;-0.274757732;949.2375101
-4.77031E-06;-0.274764601;949.2383338
-4.76867E-06;-0.274771521;949.2391959
-4.76701E-06;-0.274778492;949.2400963
-4.76534E-06;-0.274785513;949.2410349
-4.76365E-06;-0.274792585;949.2420116
-4.76195E-06;-0.274799708;949.2430262
-4.76023E-06;-0.274806881;949.2440787
-4.75849E-06;-0.274814105;949.245169
-4.75674E-06;-0.274821381;949.246297
-4.75498E-06;-0.274828707;949.2474626
-4.75319E-06;-0.274836084;949.2486657
-4.75139E-06;-0.274843512;949.2499063
-4.74958E-06;-0.274850991;949.2511842
-4.74774E-06;-0.274858521;949.2524995
-4.74589E-06;-0.274866102;949.2538521
-4.74403E-06;-0.274873735;949.2552419
-4.74215E-06;-0.274881419;949.2566689
-4.74025E-06;-0.274889155;949.258133
-4.73834E-06;-0.274896941;949.2596342
-4.7364E-06;-0.27490478;949.2611724
-4.73446E-06;-0.27491267;949.2627477
-4.73249E-06;-0.274920612;949.2643599
-4.73051E-06;-0.274928606;949.2660091
-4.72851E-06;-0.274936651;949.2676952
-4.7265E-06;-0.274944749;949.2694182
-4.72447E-06;-0.274952899;949.2711781
-4.72242E-06;-0.2749611;949.2729748
-4.72035E-06;-0.274969354;949.2748084
-4.71827E-06;-0.274977661;949.2766788
-4.71617E-06;-0.274986019;949.278586
-4.71405E-06;-0.27499443;949.2805301
-4.71192E-06;-0.275002894;949.2825109
-4.70977E-06;-0.27501141;949.2845285
-4.7076E-06;-0.275019979;949.286583
-4.70541E-06;-0.275028601;949.2886742
-4.70321E-06;-0.275037276;949.2908023
-4.70099E-06;-0.275046004;949.2929672
-4.69875E-06;-0.275054785;949.2951689
-4.69649E-06;-0.275063619;949.2974074
-4.69422E-06;-0.275072506;949.2996827
-4.69193E-06;-0.275081447;949.3019949
-4.68962E-06;-0.275090441;949.304344
-4.68729E-06;-0.275099489;949.3067299
-4.68494E-06;-0.275108591;949.3091527
-4.68258E-06;-0.275117746;949.3116124
-4.6802E-06;-0.275126955;949.314109
-4.6778E-06;-0.275136218;949.3166425
-4.67539E-06;-0.275145535;949.319213
-4.67295E-06;-0.275154906;949.3218205
-4.6705E-06;-0.275164332;949.3244649
-4.66803E-06;-0.275173811;949.3271464
-4.66554E-06;-0.275183345;949.3298649
-4.66303E-06;-0.275192934;949.3326205
-4.66051E-06;-0.275202577;949.3354132
-4.65797E-06;-0.275212275;949.338243
-4.6554E-06;-0.275222027;949.34111
-4.65282E-06;-0.275231834;949.3440141
-4.65023E-06;-0.275241696;949.3469555
-4.64761E-06;-0.275251614;949.3499341
-4.64497E-06;-0.275261586;949.3529499
-4.64232E-06;-0.275271614;949.3560031
-4.63965E-06;-0.275281697;949.3590937
-4.63696E-06;-0.275291835;949.3622216
-4.63425E-06;-0.275302029;949.3653869
-4.63152E-06;-0.275312279;949.3685897
-4.62877E-06;-0.275322585;949.37183
-4.62601E-06;-0.275332946;949.3751079
-4.62322E-06;-0.275343363;949.3784233
-4.62042E-06;-0.275353837;949.3817763
-4.61759E-06;-0.275364367;949.385167
-4.61475E-06;-0.275374952;949.3885954
-4.61189E-06;-0.275385595;949.3920615
-4.60901E-06;-0.275396294;949.3955654
-4.60611E-06;-0.275407049;949.3991071
-4.60319E-06;-0.275417861;949.4026867
-4.60026E-06;-0.27542873;949.4063041
-4.5973E-06;-0.275439656;949.4099596
-4.59432E-06;-0.275450638;949.413653
-4.59133E-06;-0.275461678;949.4173844
-4.58831E-06;-0.275472775;949.4211539
-4.58528E-06;-0.275483929;949.4249615
-4.58222E-06;-0.27549514;949.4288073
-4.57915E-06;-0.275506409;949.4326913
-4.57606E-06;-0.275517736;949.4366135
-4.57295E-06;-0.27552912;949.4405741
-4.56981E-06;-0.275540561;949.4445729
-4.56666E-06;-0.275552061;949.4486101
-4.56349E-06;-0.275563618;949.4526858
-4.5603E-06;-0.275575233;949.4567999
-4.55709E-06;-0.275586907;949.4609524
-4.55386E-06;-0.275598638;949.4651436
-4.55061E-06;-0.275610427;949.4693733
-4.54734E-06;-0.275622275;949.4736416
-4.54405E-06;-0.275634181;949.4779486
-4.54074E-06;-0.275646145;949.4822943
-4.53741E-06;-0.275658168;949.4866788
-4.53406E-06;-0.275670249;949.491102
-4.53069E-06;-0.275682389;949.495564
-4.5273E-06;-0.275694587;949.500065
-4.52389E-06;-0.275706844;949.5046048
-4.52046E-06;-0.27571916;949.5091835
-4.51701E-06;-0.275731534;949.5138013
-4.51354E-06;-0.275743967;949.518458
-4.51005E-06;-0.275756459;949.5231539
-4.50654E-06;-0.27576901;949.5278888
-4.50301E-06;-0.27578162;949.5326628
-4.49946E-06;-0.275794289;949.5374761
-4.49589E-06;-0.275807017;949.5423285
-4.4923E-06;-0.275819804;949.5472202
-4.48869E-06;-0.27583265;949.5521512
-4.48506E-06;-0.275845555;949.5571215
-4.48141E-06;-0.27585852;949.5621312
-4.47774E-06;-0.275871543;949.5671803
-4.47405E-06;-0.275884626;949.5722689
-4.47034E-06;-0.275897769;949.5773969
-4.46661E-06;-0.275910971;949.5825644
-4.46285E-06;-0.275924232;949.5877715
-4.45908E-06;-0.275937553;949.5930183
-4.45529E-06;-0.275950933;949.5983046
-4.45148E-06;-0.275964373;949.6036306
-4.44764E-06;-0.275977872;949.6089963
-4.44379E-06;-0.275991431;949.6144018
-4.43992E-06;-0.27600505;949.6198471
-4.43602E-06;-0.276018728;949.6253322
-4.43211E-06;-0.276032466;949.6308571
-4.42818E-06;-0.276046264;949.636422
-4.42422E-06;-0.276060122;949.6420267
-4.42024E-06;-0.27607404;949.6476715
-4.41625E-06;-0.276088018;949.6533563
-4.41223E-06;-0.276102055;949.6590811
-4.4082E-06;-0.276116153;949.664846
-4.40414E-06;-0.276130311;949.670651
-4.40006E-06;-0.276144528;949.6764962
-4.39596E-06;-0.276158806;949.6823816
-4.39184E-06;-0.276173144;949.6883073
-4.3877E-06;-0.276187542;949.6942732
-4.38355E-06;-0.276202;949.7002794
-4.37937E-06;-0.276216519;949.7063259
-4.37516E-06;-0.276231097;949.7124129
-4.37094E-06;-0.276245736;949.7185402
-4.3667E-06;-0.276260436;949.724708
-4.36244E-06;-0.276275195;949.7309163
-4.35816E-06;-0.276290015;949.7371651
-4.35385E-06;-0.276304895;949.7434545
-4.34953E-06;-0.276319836;949.7497844
-4.34519E-06;-0.276334837;949.756155
-4.34082E-06;-0.276349899;949.7625663
-4.33644E-06;-0.276365021;949.7690182
-4.33203E-06;-0.276380203;949.7755109
-4.3276E-06;-0.276395446;949.7820444
-4.32316E-06;-0.276410749;949.7886187
-4.31869E-06;-0.276426113;949.7952338
-4.3142E-06;-0.276441538;949.8018898
-4.30969E-06;-0.276457023;949.8085867
-4.30516E-06;-0.276472569;949.8153245
-4.30061E-06;-0.276488175;949.8221034
-4.29604E-06;-0.276503842;949.8289232
-4.29145E-06;-0.27651957;949.8357841
-4.28684E-06;-0.276535358;949.8426861
-4.28221E-06;-0.276551207;949.8496292
-4.27756E-06;-0.276567117;949.8566135
-4.27288E-06;-0.276583087;949.863639
-4.26819E-06;-0.276599118;949.8707057
-4.26348E-06;-0.27661521;949.8778136
-4.25874E-06;-0.276631363;949.8849628
-4.25399E-06;-0.276647576;949.8921534
-4.24921E-06;-0.27666385;949.8993853
-4.24441E-06;-0.276680185;949.9066585
-4.2396E-06;-0.276696581;949.9139732
-4.23476E-06;-0.276713037;949.9213294
-4.2299E-06;-0.276729555;949.928727
-4.22502E-06;-0.276746133;949.9361661
-4.22012E-06;-0.276762772;949.9436468
-4.2152E-06;-0.276779471;949.951169
-4.21026E-06;-0.276796232;949.9587328
-4.2053E-06;-0.276813053;949.9663383
-4.20032E-06;-0.276829935;949.9739854
-4.19532E-06;-0.276846878;949.9816742
-4.1903E-06;-0.276863882;949.9894047
-4.18526E-06;-0.276880946;949.997177
-4.18019E-06;-0.276898072;950.0049911
-4.17511E-06;-0.276915258;950.012847
-4.17E-06;-0.276932505;950.0207447
-4.16488E-06;-0.276949813;950.0286843
-4.15974E-06;-0.276967182;950.0366657
-4.15457E-06;-0.276984612;950.0446892
-4.14938E-06;-0.277002103;950.0527545
-4.14418E-06;-0.277019654;950.0608619
-4.13895E-06;-0.277037267;950.0690113
-4.1337E-06;-0.27705494;950.0772028
-4.12843E-06;-0.277072675;950.0854363
-4.12315E-06;-0.27709047;950.0937119
-4.11784E-06;-0.277108327;950.1020297
-4.11251E-06;-0.277126244;950.1103896
-4.10716E-06;-0.277144222;950.1187917
-4.10179E-06;-0.277162262;950.1272361
-4.0964E-06;-0.277180362;950.1357227
-4.09098E-06;-0.277198524;950.1442515
-4.08555E-06;-0.277216746;950.1528227
-4.0801E-06;-0.27723503;950.1614362
-4.07463E-06;-0.277253375;950.170092
-4.06913E-06;-0.277271781;950.1787903
-4.06362E-06;-0.277290248;950.1875309
-4.05808E-06;-0.277308776;950.196314
-4.05253E-06;-0.277327365;950.2051396
-4.04695E-06;-0.277346015;950.2140076
-4.04136E-06;-0.277364727;950.2229181
-4.03574E-06;-0.2773835;950.2318712
-4.0301E-06;-0.277402334;950.2408668
-4.02445E-06;-0.277421229;950.249905
-4.01877E-06;-0.277440186;950.2589858
-4.01307E-06;-0.277459203;950.2681092
-4.00735E-06;-0.277478282;950.2772752
-4.00161E-06;-0.277497422;950.2864839
-3.99585E-06;-0.277516624;950.2957352
-3.99007E-06;-0.277535886;950.3050292
-3.98427E-06;-0.27755521;950.3143659
-3.97845E-06;-0.277574595;950.3237454
-3.9726E-06;-0.277594042;950.3331675
-3.96674E-06;-0.277613549;950.3426324
-3.96086E-06;-0.277633118;950.35214
-3.95495E-06;-0.277652748;950.3616904
-3.94903E-06;-0.27767244;950.3712836
-3.94308E-06;-0.277692192;950.3809197
-3.93712E-06;-0.277712006;950.3905985
-3.93113E-06;-0.277731881;950.4003201
-3.92512E-06;-0.277751817;950.4100846
-3.9191E-06;-0.277771815;950.4198919
-3.91305E-06;-0.277791873;950.4297421
-3.90698E-06;-0.277811993;950.4396352
-3.90089E-06;-0.277832174;950.4495711
-3.89478E-06;-0.277852416;950.4595499
-3.88865E-06;-0.27787272;950.4695717
-3.8825E-06;-0.277893084;950.4796363
-3.87633E-06;-0.277913509;950.4897438
-3.87014E-06;-0.277933996;950.4998943
-3.86393E-06;-0.277954544;950.5100877
-3.8577E-06;-0.277975152;950.520324
-3.85145E-06;-0.277995822;950.5306033
-3.84518E-06;-0.278016553;950.5409255
-3.83888E-06;-0.278037345;950.5512907
-3.83257E-06;-0.278058197;950.5616989
-3.82624E-06;-0.278079111;950.5721501
-3.81988E-06;-0.278100086;950.5826443
-3.81351E-06;-0.278121122;950.5931815
-3.80711E-06;-0.278142219;950.6037617
-3.8007E-06;-0.278163377;950.614385
-3.79426E-06;-0.278184596;950.6250514
-3.7878E-06;-0.278205876;950.6357608
-3.78133E-06;-0.278227217;950.6465134
-3.77483E-06;-0.27824862;950.6573091
-3.76831E-06;-0.278270083;950.6681479
-3.76177E-06;-0.278291608;950.6790299
-3.75522E-06;-0.278313194;950.6899551
-3.74864E-06;-0.278334841;950.7009235
-3.74204E-06;-0.27835655;950.7119351
-3.73542E-06;-0.278378319;950.72299
-3.72878E-06;-0.27840015;950.7340882
-3.72211E-06;-0.278422043;950.7452296
-3.71543E-06;-0.278443996;950.7564144
-3.70873E-06;-0.278466012;950.7676425
-3.70201E-06;-0.278488088;950.7789139
-3.69526E-06;-0.278510226;950.7902288
